{
    "version": "0.3.18",
    "suite": "unknown_suite",
    "function_id": 15,
    "function_name": "RastriginRotated",
    "maximization": false,
    "algorithm": {
        "name": "<utils.PBO.PBO object at 0x700f3ecdcd60>",
        "info": "algorithm_info"
    },
    "attributes": [
        "evaluations",
        "raw_y"
    ],
    "scenarios": [
        {
            "dimension": 2,
            "path": "data_f15_RastriginRotated/IOHprofiler_f15_DIM2.dat",
            "runs": [
                {
                    "instance": 0,
                    "evals": 70,
                    "best": {
                        "evals": 38,
                        "y": 10.15461290695043,
                        "x": [
                            2.159824955021442,
                            -3.9893720376050372
                        ]
                    }
                },
                {
                    "instance": 0,
                    "evals": 70,
                    "best": {
                        "evals": 24,
                        "y": 14.841611645679533,
                        "x": [
                            0.02710148767112841,
                            -1.5666861064546223
                        ]
                    }
                },
                {
                    "instance": 0,
                    "evals": 70,
                    "best": {
                        "evals": 17,
                        "y": 18.310863805167738,
                        "x": [
                            0.5155719276290291,
                            -0.7403749236528325
                        ]
                    }
                },
                {
                    "instance": 0,
                    "evals": 70,
                    "best": {
                        "evals": 30,
                        "y": 12.211464677799157,
                        "x": [
                            0.9467012357636833,
                            -3.788413652614168
                        ]
                    }
                },
                {
                    "instance": 0,
                    "evals": 70,
                    "best": {
                        "evals": 54,
                        "y": 16.80200869557593,
                        "x": [
                            0.07539321273683805,
                            0.06242549438765876
                        ]
                    }
                },
                {
                    "instance": 1,
                    "evals": 70,
                    "best": {
                        "evals": 13,
                        "y": 5.451601242305388,
                        "x": [
                            -2.192684578838477,
                            3.164250334714355
                        ]
                    }
                },
                {
                    "instance": 1,
                    "evals": 70,
                    "best": {
                        "evals": 17,
                        "y": 10.879823851292585,
                        "x": [
                            -2.8222890666146245,
                            2.3552885718468097
                        ]
                    }
                },
                {
                    "instance": 1,
                    "evals": 70,
                    "best": {
                        "evals": 3,
                        "y": 11.377735667015287,
                        "x": [
                            -4.911932844678435,
                            3.216922444455397
                        ]
                    }
                },
                {
                    "instance": 1,
                    "evals": 70,
                    "best": {
                        "evals": 5,
                        "y": 13.641782998888466,
                        "x": [
                            -0.340369184351732,
                            1.2844562665650727
                        ]
                    }
                },
                {
                    "instance": 1,
                    "evals": 70,
                    "best": {
                        "evals": 44,
                        "y": 19.470811086241028,
                        "x": [
                            -4.01639430306928,
                            2.721802055750505
                        ]
                    }
                },
                {
                    "instance": 2,
                    "evals": 70,
                    "best": {
                        "evals": 15,
                        "y": 19.822612279044606,
                        "x": [
                            -1.1842614749887521,
                            -1.179065472710275
                        ]
                    }
                },
                {
                    "instance": 2,
                    "evals": 70,
                    "best": {
                        "evals": 41,
                        "y": 13.296209886323414,
                        "x": [
                            0.038029134395683784,
                            -3.4178766709857946
                        ]
                    }
                },
                {
                    "instance": 2,
                    "evals": 70,
                    "best": {
                        "evals": 10,
                        "y": 10.98677230242237,
                        "x": [
                            -2.3839734278612545,
                            -1.8782208279791806
                        ]
                    }
                },
                {
                    "instance": 2,
                    "evals": 70,
                    "best": {
                        "evals": 5,
                        "y": 14.59459266422439,
                        "x": [
                            -2.3203134789839153,
                            -2.6700034208498344
                        ]
                    }
                },
                {
                    "instance": 2,
                    "evals": 70,
                    "best": {
                        "evals": 5,
                        "y": 13.536414005709336,
                        "x": [
                            -1.6150714632093193,
                            -2.6922887588597337
                        ]
                    }
                }
            ]
        },
        {
            "dimension": 10,
            "path": "data_f15_RastriginRotated/IOHprofiler_f15_DIM10.dat",
            "runs": [
                {
                    "instance": 2,
                    "evals": 150,
                    "best": {
                        "evals": 9,
                        "y": 235.45984629540965,
                        "x": [
                            2.455989941005722,
                            -4.856979031354099,
                            -2.5870717809856445,
                            0.8433384840507321,
                            3.4371706316091117,
                            -0.6620827829311073,
                            -1.6747221057444523,
                            0.5855229382626934,
                            -4.477703902683324,
                            1.5612189508388514
                        ]
                    }
                },
                {
                    "instance": 2,
                    "evals": 150,
                    "best": {
                        "evals": 48,
                        "y": 216.77107747125612,
                        "x": [
                            2.1343991178157173,
                            -4.8870928001894995,
                            -2.72898181764316,
                            -3.095965944987892,
                            4.958753720200409,
                            -2.634704854757621,
                            -1.6453248142411336,
                            0.9746139979200024,
                            -4.011213177190227,
                            3.0126408118654187
                        ]
                    }
                },
                {
                    "instance": 2,
                    "evals": 150,
                    "best": {
                        "evals": 47,
                        "y": 266.34151896126576,
                        "x": [
                            -2.7359164590574694,
                            -2.5356742682711593,
                            -4.315062496324982,
                            0.1260772764394682,
                            1.8085374828596645,
                            -0.5673290407993052,
                            -0.08576810971430682,
                            -2.368059175564325,
                            -4.061423591541972,
                            -2.1336361301599442
                        ]
                    }
                },
                {
                    "instance": 2,
                    "evals": 150,
                    "best": {
                        "evals": 15,
                        "y": 315.50546465244224,
                        "x": [
                            -4.851923587061249,
                            -1.0047538813232597,
                            -4.584397168191732,
                            -4.349371135703834,
                            -0.36098136216304955,
                            -2.977776417243561,
                            0.5135973356660131,
                            -4.147607249764107,
                            0.03454911311089148,
                            2.010193255303018
                        ]
                    }
                },
                {
                    "instance": 2,
                    "evals": 150,
                    "best": {
                        "evals": 47,
                        "y": 352.8007439016414,
                        "x": [
                            0.7274199700395894,
                            -1.7027261956149484,
                            -1.9508993212228765,
                            -0.6142029881671744,
                            -1.7104195168225877,
                            0.5157521285126689,
                            2.7781199272627886,
                            -1.8212314480270138,
                            -0.5054218072642307,
                            -2.5667061297645426
                        ]
                    }
                },
                {
                    "instance": 1,
                    "evals": 150,
                    "best": {
                        "evals": 36,
                        "y": 289.7897700027629,
                        "x": [
                            0.3378342009749673,
                            3.9123586505602823,
                            0.5671518691621502,
                            0.43840436773345015,
                            4.778936116749318,
                            -3.1963574100715606,
                            0.5879560210345023,
                            -0.9637398642965564,
                            -1.9189502219681724,
                            -1.0223505976073204
                        ]
                    }
                },
                {
                    "instance": 1,
                    "evals": 150,
                    "best": {
                        "evals": 38,
                        "y": 207.9565887960805,
                        "x": [
                            -0.41928967878868306,
                            1.5010327843220725,
                            2.254633416265772,
                            0.46520102542728026,
                            -1.9103388483102854,
                            -2.4355042312365756,
                            -1.4356249201184532,
                            1.9668605129889238,
                            0.8134784132734794,
                            0.534844797952923
                        ]
                    }
                },
                {
                    "instance": 1,
                    "evals": 150,
                    "best": {
                        "evals": 48,
                        "y": 239.21463276237398,
                        "x": [
                            2.8792191540125316,
                            1.580272979523711,
                            2.769042473780522,
                            2.7365868469756727,
                            0.09011027977419239,
                            -4.185032802238934,
                            1.973740046113857,
                            3.195803734725912,
                            -0.085329864091233,
                            0.7597038668118063
                        ]
                    }
                },
                {
                    "instance": 1,
                    "evals": 150,
                    "best": {
                        "evals": 16,
                        "y": 224.71323021860672,
                        "x": [
                            2.1699111285573576,
                            2.374376625016204,
                            -1.2944388361352273,
                            3.932233786991123,
                            -1.1362044508408071,
                            -3.798659376073675,
                            1.512345303784798,
                            2.6733257011634066,
                            0.7074973893584424,
                            -1.933079635907518
                        ]
                    }
                },
                {
                    "instance": 1,
                    "evals": 150,
                    "best": {
                        "evals": 33,
                        "y": 249.67108877296135,
                        "x": [
                            -2.90461546471776,
                            3.0640158601067817,
                            4.125292156174725,
                            -2.0000935989376645,
                            2.0087584138138066,
                            -3.316360782872599,
                            -1.69160655003697,
                            1.6167582300798813,
                            0.8168167423003379,
                            -0.7811382058778218
                        ]
                    }
                },
                {
                    "instance": 0,
                    "evals": 150,
                    "best": {
                        "evals": 36,
                        "y": 207.57280200689362,
                        "x": [
                            1.8584894213433243,
                            -2.125601171484223,
                            0.9811243886977659,
                            -3.0088369395814656,
                            2.6869675213762534,
                            0.3237704943325568,
                            -3.419372884603252,
                            -0.7618636182796532,
                            3.2230145111450312,
                            -1.5206868081083815
                        ]
                    }
                },
                {
                    "instance": 0,
                    "evals": 150,
                    "best": {
                        "evals": 44,
                        "y": 213.90637136649403,
                        "x": [
                            3.0988077563553738,
                            -0.459057988657662,
                            -0.4326247397517333,
                            0.5122001608664402,
                            3.768121379813673,
                            -3.7232931241439324,
                            2.6636670752960567,
                            0.9702304738742242,
                            4.0862836186181415,
                            1.5257974627892708
                        ]
                    }
                },
                {
                    "instance": 0,
                    "evals": 150,
                    "best": {
                        "evals": 27,
                        "y": 331.92610394575587,
                        "x": [
                            -2.12541094232554,
                            -1.0442923892198133,
                            0.7424070704168191,
                            2.172918058871934,
                            2.9991984541941363,
                            -3.860037253385296,
                            -0.9914521257139288,
                            -4.916287917881808,
                            -1.4810589840824195,
                            4.747232080885812
                        ]
                    }
                },
                {
                    "instance": 0,
                    "evals": 150,
                    "best": {
                        "evals": 34,
                        "y": 275.05954871403003,
                        "x": [
                            4.355830682414069,
                            -1.6741672396020717,
                            -3.6479196453009317,
                            0.45086295767478113,
                            -0.5829644903012463,
                            -0.8707079992945026,
                            1.8140704510666996,
                            -0.8056831589380797,
                            3.9630575154495205,
                            4.086660537182675
                        ]
                    }
                },
                {
                    "instance": 0,
                    "evals": 150,
                    "best": {
                        "evals": 14,
                        "y": 204.57520499340976,
                        "x": [
                            4.56133374417271,
                            -3.387645239227663,
                            2.6868585998273877,
                            2.3167814226209487,
                            4.058767768487742,
                            -0.9939024676929424,
                            0.9407880496870202,
                            -4.261159524186165,
                            3.598677562631126,
                            4.067587936187731
                        ]
                    }
                }
            ]
        },
        {
            "dimension": 40,
            "path": "data_f15_RastriginRotated/IOHprofiler_f15_DIM40.dat",
            "runs": [
                {
                    "instance": 2,
                    "evals": 450,
                    "best": {
                        "evals": 59,
                        "y": 1723.543589676436,
                        "x": [
                            -0.1797018238881724,
                            0.36154767630754137,
                            -0.27723364044090365,
                            0.12819334071283045,
                            -0.2942481346342485,
                            -0.11472279774204552,
                            -0.17185615568990245,
                            -0.24021586284320207,
                            -0.07588533600757424,
                            0.0038568217026855797,
                            0.30396459721401153,
                            0.09097410131919297,
                            -0.23228282869884845,
                            -0.1619463680022541,
                            0.12994024148617214,
                            -0.08288556770391681,
                            -0.04306631593883542,
                            0.059831808984044194,
                            -0.22876052545561099,
                            -0.14484506000016822,
                            0.14935501126816228,
                            -0.06583689236354912,
                            0.1028017758508648,
                            0.18748596984503335,
                            -0.13440586148936218,
                            0.11784448709922454,
                            0.17402523347093588,
                            0.19131951001199632,
                            -0.07440680173093125,
                            -0.15071125844317249,
                            0.03927123177758188,
                            -0.2536155570739669,
                            -0.07697174764528707,
                            0.049774801119629924,
                            0.1139112559578946,
                            -0.011685926781800055,
                            -0.3064505329869064,
                            -0.02552847608845972,
                            -0.02301086814223225,
                            0.006442750972053917
                        ]
                    }
                },
                {
                    "instance": 2,
                    "evals": 450,
                    "best": {
                        "evals": 65,
                        "y": 1562.328607170096,
                        "x": [
                            -0.349329511808545,
                            -0.35774950258045424,
                            -0.6859844296683213,
                            -0.2631263374374608,
                            -0.04112428224448239,
                            0.1062212685081877,
                            -0.47832038187115067,
                            -0.08707846061887017,
                            -0.05086644272605667,
                            -0.13681351852813056,
                            -0.0043496465074499,
                            -0.016195818219199215,
                            0.7098692482048179,
                            -0.45398538618569173,
                            0.010509771419075636,
                            0.1427906946513892,
                            0.08402060202933793,
                            -0.5268725302351506,
                            -0.29747953650615805,
                            -0.0668315129069234,
                            -0.4298627735293643,
                            0.4092121033045152,
                            0.40369770456193566,
                            0.41864127443834287,
                            0.266473050112646,
                            -0.40246375246396493,
                            -0.24489369730353308,
                            -0.031534425380876446,
                            0.3791018518072946,
                            0.006400644848141044,
                            -0.05323468411279341,
                            -0.1842279470143518,
                            0.04623111524482584,
                            -0.22670060837801695,
                            -0.1476296944271645,
                            0.18764649964368554,
                            0.5094478907985676,
                            -0.10625835317709459,
                            -0.22251945241308949,
                            -0.1496801869060495
                        ]
                    }
                },
                {
                    "instance": 2,
                    "evals": 450,
                    "best": {
                        "evals": 57,
                        "y": 1579.8653738115274,
                        "x": [
                            0.12246941060039371,
                            0.8155065322135462,
                            0.10111871384216076,
                            0.052010186805760666,
                            -0.2069755264091574,
                            -0.7645144985635826,
                            -0.0883719252678492,
                            0.04782012762486813,
                            -0.4455063392648253,
                            -0.11834320403923414,
                            0.7537330445838566,
                            0.21999949085622744,
                            0.46901123796886796,
                            -0.01891713444749973,
                            -0.47434524179171145,
                            -0.43398650799861044,
                            -0.2976924475399894,
                            0.4801781508577114,
                            -0.6453261984921546,
                            0.4339624014211861,
                            0.5926514533281015,
                            0.3834852927862273,
                            -0.5400614665123774,
                            0.7165104526012624,
                            0.1579422374981731,
                            0.18515884936596066,
                            0.16483239866493304,
                            -0.4517375479465245,
                            0.35994894860367777,
                            -0.02103274406994099,
                            0.0012707552335209094,
                            -0.2162942841460228,
                            0.26432389034952364,
                            0.10081266585436396,
                            -0.8978932389955327,
                            -0.24719828609556532,
                            -0.3150813839103396,
                            -0.030758994901707245,
                            0.09562472804192335,
                            -0.04784082189719879
                        ]
                    }
                },
                {
                    "instance": 2,
                    "evals": 450,
                    "best": {
                        "evals": 60,
                        "y": 1534.0066680722691,
                        "x": [
                            0.2908306055536194,
                            0.1643746587733075,
                            -0.6185338674709038,
                            0.5133011920857329,
                            -0.02913996279179011,
                            -0.7267099117231909,
                            -0.18464034281491368,
                            0.07315241090827798,
                            -0.28401623579066393,
                            -0.21853251655214037,
                            -0.2533202986807298,
                            0.37475633503820416,
                            0.3702962344963637,
                            -0.30070149222451503,
                            0.05217892078474971,
                            0.4762754349547542,
                            -0.4466574463080512,
                            0.00859992721647701,
                            0.6166881483538413,
                            0.1788593963594513,
                            0.6038259161905094,
                            -0.6472840477818452,
                            -0.08300899623541354,
                            0.23032920622826433,
                            0.7562041943408104,
                            0.0833390369177012,
                            0.22718982753248387,
                            0.34513243685784956,
                            0.22136051513477384,
                            -0.7181802095664718,
                            -0.3754194558201988,
                            0.32934709099910087,
                            -0.2070315103030254,
                            0.13987585209503628,
                            0.31753963685786224,
                            -0.22491643991060395,
                            0.519011291781695,
                            1.0189314625865857,
                            0.3294903523873943,
                            -0.4956825398295115
                        ]
                    }
                },
                {
                    "instance": 2,
                    "evals": 450,
                    "best": {
                        "evals": 70,
                        "y": 1559.68596489305,
                        "x": [
                            0.558140569699643,
                            0.6701068126487842,
                            -0.7406820281241844,
                            0.3363188723699597,
                            -0.18922778490661876,
                            -0.07045678543526358,
                            0.7206691998595565,
                            0.7130544696102045,
                            -0.046970333866697474,
                            -0.23963001045320365,
                            -0.2458939097960952,
                            -0.3684371698006467,
                            -0.5652622204064017,
                            -0.04195149872278353,
                            -0.13902964337872062,
                            0.48172806896885606,
                            -0.03291280799443071,
                            0.19552873909590004,
                            -0.21416423443626653,
                            -0.24670888530754873,
                            0.13274059023246526,
                            0.43592942347412056,
                            -0.6780632175532704,
                            1.2770933277683085,
                            -0.42697149576416155,
                            -0.8181430893215631,
                            -0.18145533259992996,
                            0.07394496838770137,
                            0.4044933910618208,
                            -0.29621136247460633,
                            -0.03532161856523437,
                            -0.27178967262544285,
                            0.3649836642312536,
                            -0.16400947388961354,
                            0.3482274326811447,
                            -0.7135901323150189,
                            0.12291940081696792,
                            0.015598075023354196,
                            -0.4952975462478888,
                            -0.711646570969777
                        ]
                    }
                },
                {
                    "instance": 1,
                    "evals": 450,
                    "best": {
                        "evals": 87,
                        "y": 1613.273014703549,
                        "x": [
                            -0.10825606744230024,
                            0.0376093660779188,
                            0.12877919358777076,
                            -0.16014332075527232,
                            -0.05511210032212654,
                            -0.10184077249190836,
                            -0.008976056227984718,
                            0.023032681775652264,
                            -0.017504461825965073,
                            -0.04219304757334109,
                            -0.06133118747127044,
                            -0.03321640920831065,
                            -0.044006566568478525,
                            -0.08137139464422713,
                            -0.06894787836044039,
                            0.04273843387337488,
                            0.06394455566902178,
                            0.05963823981529456,
                            -0.015479119979790314,
                            -0.0257440193349081,
                            -0.1476795284726537,
                            0.02610927145465466,
                            -0.034744188331937445,
                            0.05175701985820115,
                            0.0014000969339801987,
                            0.04564075145771459,
                            -0.043526333400570834,
                            -0.11574555961808217,
                            0.026899649439843597,
                            0.06051923569404976,
                            -0.15537646521750242,
                            0.02811082561836481,
                            0.05209979845301917,
                            -0.11258727501232743,
                            -0.02788906729644574,
                            -0.09478888025013808,
                            0.20639256308990098,
                            0.19304419074664886,
                            0.07451169928240803,
                            -0.07162014816077966
                        ]
                    }
                },
                {
                    "instance": 1,
                    "evals": 450,
                    "best": {
                        "evals": 66,
                        "y": 1574.1791498477596,
                        "x": [
                            -0.14996212239407758,
                            0.6327486775580404,
                            -0.7703073714882702,
                            0.27525565390982015,
                            0.4324441701221964,
                            -0.3805322694566787,
                            -0.4757231251324137,
                            0.3250048725767134,
                            -0.3479663012120413,
                            -0.23450231839842037,
                            0.05934016143780442,
                            0.35681142596640375,
                            -0.6402291463100372,
                            -0.0684620157897444,
                            0.04689817475131208,
                            -0.8624775012426082,
                            0.08261051386059087,
                            -0.18234616455300895,
                            0.021229528052055874,
                            -0.13077511127085178,
                            0.00857655140672714,
                            0.4553519506020696,
                            -0.023893202863527307,
                            0.5590733230858982,
                            0.5644446088685637,
                            0.2339194443312611,
                            0.42029136770767594,
                            -0.08247748859555115,
                            0.14451469974232203,
                            0.5175270870028061,
                            0.12366564648231748,
                            0.29875020709760525,
                            0.45800376382183533,
                            0.34703313724922413,
                            -0.5231835081368639,
                            -0.5829218715415398,
                            0.18913171833531991,
                            0.30787823271136106,
                            0.28771265761814174,
                            -0.16703744796401776
                        ]
                    }
                },
                {
                    "instance": 1,
                    "evals": 450,
                    "best": {
                        "evals": 71,
                        "y": 1612.5770928695358,
                        "x": [
                            0.23188878840229493,
                            -0.27617039477152305,
                            -0.10472808091744629,
                            -0.03162872551684609,
                            -0.11670246217757813,
                            0.05639572052694594,
                            0.15154141514837577,
                            -0.12452979710353307,
                            -0.8804746012438425,
                            -0.1555235511263928,
                            -0.4995275772220624,
                            -0.30779081574962763,
                            -0.12047241219409079,
                            -0.6509553884893551,
                            0.2864678511530169,
                            0.23369633575471477,
                            0.5991528137274394,
                            -0.6728062519621427,
                            0.6987310491772472,
                            0.1929280288913679,
                            -0.2622806153589946,
                            0.36421733321280336,
                            -0.20334123248663627,
                            0.1271616745363171,
                            -0.200373748208917,
                            -0.30911851870718,
                            -0.3526619093628405,
                            -0.44983498335865624,
                            0.3950837024964095,
                            -0.13449908557585033,
                            -0.3296519600184273,
                            0.034989781216168026,
                            0.6430825648679284,
                            0.15404530229480287,
                            -0.8714009106578183,
                            -0.5695226945345169,
                            -0.6673323362375563,
                            0.08009279589949435,
                            -0.5370448436224111,
                            -0.10882725071304106
                        ]
                    }
                },
                {
                    "instance": 1,
                    "evals": 450,
                    "best": {
                        "evals": 51,
                        "y": 1647.2124070822094,
                        "x": [
                            0,
                            0,
                            0,
                            0,
                            0,
                            0,
                            0,
                            0,
                            0,
                            0,
                            0,
                            0,
                            0,
                            0,
                            0,
                            0,
                            0,
                            0,
                            0,
                            0,
                            0,
                            0,
                            0,
                            0,
                            0,
                            0,
                            0,
                            0,
                            0,
                            0,
                            0,
                            0,
                            0,
                            0,
                            0,
                            0,
                            0,
                            0,
                            0,
                            0
                        ]
                    }
                },
                {
                    "instance": 1,
                    "evals": 450,
                    "best": {
                        "evals": 81,
                        "y": 1615.4771922188966,
                        "x": [
                            -0.17398956765152485,
                            -0.11648618394757926,
                            0.4575980415242453,
                            0.3696467685321417,
                            -0.1616560211402162,
                            -0.4896471514004211,
                            -0.23058001469121917,
                            -0.20476993412485653,
                            0.1809813892119076,
                            0.04509698222111508,
                            0.08028675354362667,
                            -0.2920850082398427,
                            -0.5222284628973535,
                            -0.020783584498335783,
                            -0.30065009087988753,
                            0.08934006657715243,
                            0.2418435807915673,
                            -0.3738973249510128,
                            -0.01351316090579026,
                            -0.2249793463225681,
                            0.02613159306944199,
                            -0.02766221566761911,
                            -0.0016555533783305099,
                            0.276049912757231,
                            0.09934500287642371,
                            0.09314030489217723,
                            -0.15432244288414718,
                            -0.17665622308110973,
                            0.07888498942814695,
                            -0.12428244601274702,
                            -0.2550145520269015,
                            0.014623410408427379,
                            -0.24881491328065602,
                            0.07897018438064962,
                            -0.2466739170948869,
                            -0.5583398543404077,
                            -0.1483455875131509,
                            -0.4501846170762335,
                            0.001714271200857792,
                            0.08551968778946108
                        ]
                    }
                },
                {
                    "instance": 0,
                    "evals": 450,
                    "best": {
                        "evals": 66,
                        "y": 1301.9878790313455,
                        "x": [
                            0.22307052674877084,
                            0.07475268083502123,
                            0.03278813575025118,
                            0.8947901472217635,
                            0.7771186316663802,
                            -0.2532381284793182,
                            0.12140631391466115,
                            -0.04256447540659309,
                            0.15563678832258224,
                            -0.18703218685458173,
                            0.5573751918179294,
                            -0.13984761797942188,
                            0.3602864510491241,
                            -0.2217660355117726,
                            -0.06734146279186425,
                            -0.3968064759540394,
                            -0.45611100797256493,
                            -0.1595837266612241,
                            0.06876472193181388,
                            0.044079951848042295,
                            0.26395592281395047,
                            -0.6834642246210112,
                            -0.367496812182021,
                            0.3843176260169018,
                            -0.213270278055225,
                            0.12728520240094893,
                            -0.06661693622174292,
                            -0.4791413935938307,
                            -0.08664915911262311,
                            -0.47763041282539875,
                            0.0927564694549386,
                            0.16374695458004407,
                            -0.5418348231152827,
                            -0.24428862219921982,
                            -0.4623423693979322,
                            0.47846183043106466,
                            0.036613844357191096,
                            0.2837325101126827,
                            0.3706203280074858,
                            -1.3002922089613276
                        ]
                    }
                },
                {
                    "instance": 0,
                    "evals": 450,
                    "best": {
                        "evals": 62,
                        "y": 1378.7721511030804,
                        "x": [
                            0.11254707050657804,
                            -0.2560599078972757,
                            -0.13752488800943075,
                            -0.053066372917125154,
                            0.010915803314933872,
                            -0.22890323910317395,
                            0.07460785712695331,
                            -0.07040112006702254,
                            0.21554037095255904,
                            0.23037370444571473,
                            -0.1284454068659722,
                            -0.13495759542987962,
                            -0.022860126897638014,
                            -0.14031152815063888,
                            0.0911885742012496,
                            0.1517489239486713,
                            0.17325701529740614,
                            0.1488621866833107,
                            -0.03956460439240687,
                            0.15178498869221557,
                            -0.11669842517242478,
                            -0.07033287296843932,
                            -0.12812790121806783,
                            0.18908233264080163,
                            0.13181853106764194,
                            0.025371159960497783,
                            0.07281634321797115,
                            0.23267391285951278,
                            0.35711897540899273,
                            -0.19318280027862342,
                            -0.22753984542465633,
                            0.16995633193873602,
                            0.3027796791911816,
                            0.1036898496894971,
                            -0.1445804039795991,
                            0.13069335311949193,
                            0.0346169126236619,
                            -0.2379620996375808,
                            -0.3666880765541911,
                            -0.04329518390819991
                        ]
                    }
                },
                {
                    "instance": 0,
                    "evals": 450,
                    "best": {
                        "evals": 60,
                        "y": 1273.4381927279574,
                        "x": [
                            -0.08715298506530522,
                            -0.14008103409986647,
                            -0.15140350718398235,
                            0.24247051839965544,
                            -0.032834720673548964,
                            0.0353383454564641,
                            0.1193531234597994,
                            0.21145437674657414,
                            0.11469335025614608,
                            0.1502542259658114,
                            0.2173206670431085,
                            0.039388965512243926,
                            0.4908888820070087,
                            -0.2219018693544843,
                            -0.0324386333651865,
                            -0.5098019485090267,
                            -0.24552074182045683,
                            -0.026193698415101777,
                            0.3382538407108683,
                            -0.2627152108547948,
                            0.44947133563394914,
                            -0.35208024686008765,
                            -0.3126682855171635,
                            0.1693189436617182,
                            0.13665492648871588,
                            0.2649174534645164,
                            0.11665543041184526,
                            -0.1799814033683369,
                            0.08967726717763322,
                            -0.44715587557769193,
                            0.01050032920977345,
                            -0.41020062577514926,
                            -0.1267957517489579,
                            -0.21630985507052852,
                            -0.2845325640229321,
                            0.5182103154432456,
                            -0.07821264831753359,
                            -0.09203190682878899,
                            0.007645776250369079,
                            0.26981875607277384
                        ]
                    }
                },
                {
                    "instance": 0,
                    "evals": 450,
                    "best": {
                        "evals": 60,
                        "y": 1256.426274099309,
                        "x": [
                            0.3935971443828315,
                            -0.21145400377130028,
                            -0.37486372474944,
                            -0.03573094957137213,
                            0.6505547487042823,
                            -0.9978756336994801,
                            -0.0007330300241555655,
                            -0.0030583959202084843,
                            -0.21453086447675587,
                            -0.17818454394056496,
                            0.4677300924439341,
                            0.2679025448356731,
                            0.5001084107415291,
                            -0.07609636729277107,
                            -0.4484869352290999,
                            -0.5083816140655603,
                            -0.5787346492919488,
                            0.32964451320952975,
                            -0.15030435737470615,
                            0.1161833091740575,
                            -0.2915414419653345,
                            -0.6892243670775875,
                            0.1817653613152828,
                            0.1368891521876461,
                            -0.17945443172979303,
                            0.0488177158297978,
                            0.20294190377590032,
                            0.0880624112799328,
                            0.6009464431640559,
                            -0.05090383338335733,
                            -0.11432345157766752,
                            -0.1557416264053214,
                            0.27931751082006695,
                            0.1711970147743897,
                            0.42586151596788124,
                            -0.6414506558740285,
                            -0.37272955088766035,
                            0.6110833170701269,
                            -0.5133775125334642,
                            -0.069226947608142
                        ]
                    }
                },
                {
                    "instance": 0,
                    "evals": 450,
                    "best": {
                        "evals": 63,
                        "y": 1328.6811030682488,
                        "x": [
                            -0.15197502142979447,
                            -0.599523076457707,
                            0.1447582536176882,
                            -0.044203229606898486,
                            -0.1136310442376463,
                            -0.28514866017890905,
                            0.29836908190735195,
                            0.07017713693186299,
                            0.28749075461089474,
                            0.010814500207708494,
                            -0.007054715890064331,
                            -0.37137389312383684,
                            0.004728801986867939,
                            -0.23808138565870368,
                            -0.15108137377166636,
                            0.12400391379078407,
                            0.5657715556667928,
                            0.268213209725368,
                            0.31656879550041256,
                            0.3622169776054458,
                            -0.0658872305196348,
                            -0.39327045456280224,
                            0.01555986136398052,
                            -0.038155992877806175,
                            0.019757707967041863,
                            -0.26195219397497804,
                            0.11037595248066406,
                            0.000425689001230474,
                            0.16807000889888413,
                            -0.21134015053916727,
                            0.2585916497747749,
                            0.5250980233531136,
                            0.31839661579967293,
                            0.17401063907723838,
                            0.014085588833024479,
                            0.1373076363148814,
                            0.4025501171393123,
                            -0.17971228220817426,
                            0.3112765808318747,
                            0.04295782328772209
                        ]
                    }
                }
            ]
        }
    ]
}