{
    "version": "0.3.18",
    "suite": "unknown_suite",
    "function_id": 21,
    "function_name": "Gallagher101",
    "maximization": false,
    "algorithm": {
        "name": "<utils.PBO.PBO object at 0x700f3ecdcd60>",
        "info": "algorithm_info"
    },
    "attributes": [
        "evaluations",
        "raw_y"
    ],
    "scenarios": [
        {
            "dimension": 40,
            "path": "data_f21_Gallagher101/IOHprofiler_f21_DIM40.dat",
            "runs": [
                {
                    "instance": 2,
                    "evals": 450,
                    "best": {
                        "evals": 52,
                        "y": 83.3788504773114,
                        "x": [
                            -0.417265348571193,
                            -0.12546859181485803,
                            0.17959093063238024,
                            -0.16190440877486784,
                            0.19326532691266538,
                            -0.44858354639704623,
                            -0.11597378174491621,
                            -0.012008086960054178,
                            0.01883683781930729,
                            -0.10233014309067237,
                            -0.4246079310963603,
                            -0.014676793952670714,
                            0.04214003353045022,
                            -0.282195102426415,
                            0.22392178715834365,
                            -0.010876929061686282,
                            0.22380634020080437,
                            0.3360607694918827,
                            0.2229408577022023,
                            -0.2905273445829431,
                            0.14342127003680297,
                            -0.2662361710965551,
                            -0.22377320792061248,
                            -0.23571027467583278,
                            0.225752792718372,
                            -0.31973017493889483,
                            0.21831459472128206,
                            -0.05933156330040744,
                            -0.22321298620827534,
                            -0.2102569474506667,
                            0.018954575646192663,
                            0.14233202289607494,
                            -0.05926730704275676,
                            -0.3608088108510465,
                            -0.21431761526639242,
                            -0.021935444717973526,
                            -0.01924787547519887,
                            -0.027641488672273083,
                            -0.29726008501976187,
                            0.008690873061661077
                        ]
                    }
                },
                {
                    "instance": 2,
                    "evals": 450,
                    "best": {
                        "evals": 54,
                        "y": 83.48600750693326,
                        "x": [
                            -0.04459582583136279,
                            0.05578211639404734,
                            0.03526487518692835,
                            0.01320055211316308,
                            0.012716669098098187,
                            -0.02901964863232931,
                            -0.014035270361635373,
                            -0.025474391160968484,
                            -0.006695197292172054,
                            0.05335269518691735,
                            -0.028111277810050135,
                            0.011097948873952403,
                            0.006182672276897037,
                            0.05544165509208236,
                            -0.011464298796539266,
                            -0.013958542814123301,
                            0.00025194435254141667,
                            -0.03523229783551736,
                            0.041413850364915336,
                            -0.016579143552697295,
                            0.0246949963846535,
                            -0.0003844333283031659,
                            -0.09473260438316783,
                            0.01938930042906537,
                            -0.02376406392366013,
                            -0.02676359647235596,
                            0.015606519674879901,
                            -0.0009136318082106527,
                            -0.02167413351616495,
                            0.04889154239000998,
                            0.009302182247402509,
                            -0.0022186680397123975,
                            -0.004864809469876391,
                            0.028138191170726457,
                            0.01875130821247261,
                            -0.004834620856478538,
                            0.04944030336780867,
                            -0.007218507600392329,
                            -0.03654972538132036,
                            0.009775561161230744
                        ]
                    }
                },
                {
                    "instance": 2,
                    "evals": 450,
                    "best": {
                        "evals": 16,
                        "y": 82.98028588193388,
                        "x": [
                            1.799328341631309,
                            3.250172375784457,
                            2.0865370226687707,
                            -1.3092687113527282,
                            -3.0862384431016485,
                            -2.1040107885261854,
                            -1.17074557898738,
                            -0.397787276194582,
                            2.767561699922778,
                            -4.108628942767549,
                            -0.4774821731499177,
                            -0.9525973299074986,
                            3.588910649239846,
                            -3.768385392435615,
                            -1.2899891666299732,
                            2.642794131663562,
                            -1.7455610823446932e-05,
                            0.2724783238392714,
                            -3.0808179482627853,
                            -1.9245183729751854,
                            1.6116058957312829,
                            1.639273876807211,
                            2.5465817357304976,
                            -1.1058515398400175,
                            0.3614673647192017,
                            -3.922111241391832,
                            -0.4681704301382723,
                            0.656244274401871,
                            -3.8085493922099687,
                            2.510377238797358,
                            -1.39358934416701,
                            0.028160909763616182,
                            -2.4946830895903513,
                            2.8338391044682147,
                            -3.7978436012571843,
                            -1.3166579026083474,
                            -1.2714200917474097,
                            -0.19420330579887857,
                            0.23928302987175698,
                            0.21760968014862048
                        ]
                    }
                },
                {
                    "instance": 2,
                    "evals": 450,
                    "best": {
                        "evals": 53,
                        "y": 83.40313758401808,
                        "x": [
                            -0.021171971067498102,
                            0.03711131517314871,
                            -0.023662597033853178,
                            -0.12097877002849741,
                            -0.5229820061020838,
                            -0.32962625670306817,
                            0.17336577519118418,
                            0.16719895478016006,
                            0.02510889235553769,
                            -0.031446387639125814,
                            -0.11094182062546348,
                            -0.19890849366086272,
                            -0.0013283178791248657,
                            0.027276095492744984,
                            -0.1104105357376123,
                            -0.02455821278969432,
                            0.04377759511698813,
                            -0.0676922085683983,
                            0.07763968342714825,
                            -0.21990035065068136,
                            -0.020601414640174544,
                            -0.06483425036864948,
                            0.12994964990763924,
                            -0.28141983716151164,
                            -0.023733911526937518,
                            -0.14495981745313058,
                            -0.14437299477536572,
                            0.11315354714246649,
                            0.05430993197045201,
                            0.14128442337400918,
                            -0.11970269365511813,
                            0.005335345712342246,
                            -0.05987813401073115,
                            -0.1181965384666041,
                            -0.0025151949341708224,
                            0.16992318308945106,
                            0.07988916665388954,
                            0.0184687429327451,
                            -0.03554309066131619,
                            -0.18677478063707298
                        ]
                    }
                },
                {
                    "instance": 2,
                    "evals": 450,
                    "best": {
                        "evals": 52,
                        "y": 83.17671707904296,
                        "x": [
                            0.2816837391768391,
                            -0.057992202414454935,
                            0.7317714867327056,
                            0.3252604709610302,
                            0.4705846785247465,
                            0.10357480848962007,
                            0.17347446279168297,
                            -0.41876642197085207,
                            -0.3226406558032474,
                            0.026980118902332095,
                            0.05009033184813046,
                            -0.4009241337230349,
                            0.5053856318845302,
                            -0.45068919285934705,
                            -0.23758581925530842,
                            -0.16833257637565524,
                            0.00816940652186171,
                            -0.11993542072266522,
                            -0.11431266285477783,
                            0.031061178018624225,
                            0.2919786827315177,
                            0.1463555233759985,
                            0.08188895705428957,
                            -0.24459768813160623,
                            -0.21080976090266756,
                            -0.4127307350229836,
                            -0.1890044322648279,
                            0.31164455840746996,
                            -0.06949033291103411,
                            -0.17496839669293496,
                            -0.34575268878972043,
                            0.17064971706834153,
                            -0.21099815690661253,
                            -0.07854410583663564,
                            -0.3183514112381546,
                            -0.2557392515146829,
                            0.2652220221442071,
                            -0.3723281844386091,
                            0.09613151649720773,
                            -0.15638721360367516
                        ]
                    }
                },
                {
                    "instance": 0,
                    "evals": 450,
                    "best": {
                        "evals": 56,
                        "y": 82.69449097057338,
                        "x": [
                            0.02171825427855406,
                            -0.17570214758616093,
                            0.10923648893734363,
                            -0.32812975611334266,
                            0.5072490115666386,
                            -0.10154603802729543,
                            0.08448598659002321,
                            0.04066222403476295,
                            -0.041640972179680213,
                            0.14814703062977203,
                            0.10955666798474693,
                            -0.07740189017353627,
                            0.02711019636785099,
                            0.025458616556912193,
                            -0.15521276592852207,
                            -0.15444866444955768,
                            0.44192746216192724,
                            0.6078922068307839,
                            0.3537112628959818,
                            -0.29643832479178317,
                            0.672792156616674,
                            0.0657027150953356,
                            0.12043299050809715,
                            0.1022123028285758,
                            0.14780098879016493,
                            0.13295107979163345,
                            0.07075974757296805,
                            -0.1527375161415741,
                            -0.06771276213599674,
                            -0.23662673284607805,
                            0.351158428277233,
                            0.6944060043641528,
                            0.13912834766479149,
                            -0.19489436798908374,
                            -0.005720069292439789,
                            0.16561094800898535,
                            -0.45114403727922514,
                            -0.17348032276972264,
                            0.18492454151436682,
                            0.0011370168801870884
                        ]
                    }
                },
                {
                    "instance": 0,
                    "evals": 450,
                    "best": {
                        "evals": 55,
                        "y": 82.5468481191963,
                        "x": [
                            -0.04475873220721065,
                            -0.14541498660693336,
                            0.3764020176560807,
                            -0.31411954584269264,
                            -0.3099533984150319,
                            0.11850516335779661,
                            0.4590022453970154,
                            0.4524130140913252,
                            0.10943361757745071,
                            0.3652185156222727,
                            0.22606648274694385,
                            -0.15514154673329814,
                            -0.1230502795965521,
                            -0.3807984205110163,
                            -0.1839878064953235,
                            -0.054835524397363514,
                            0.2292168540091268,
                            0.5077787652017577,
                            0.4157208017596957,
                            -0.03477076853370652,
                            0.41710337555182664,
                            -0.03159331539861505,
                            0.03971814866576667,
                            0.10696590498498383,
                            0.5000591258287067,
                            0.5116946882537111,
                            0.6356656790913192,
                            -0.07078669207697455,
                            -0.3094252568470927,
                            -0.1112907801785667,
                            -0.09691116891152671,
                            0.845097031243134,
                            -0.468006337841646,
                            -0.16654807011856596,
                            0.07323014120893812,
                            -0.5270796712903323,
                            -0.9565337045728803,
                            -0.5338513759686242,
                            0.2044772629799796,
                            0.2986969892088844
                        ]
                    }
                },
                {
                    "instance": 0,
                    "evals": 450,
                    "best": {
                        "evals": 62,
                        "y": 82.80814196384024,
                        "x": [
                            -0.0002999588452482528,
                            -0.004103611283405469,
                            0.10084066288430718,
                            -0.002323533576593126,
                            -0.017210066271622,
                            0.10430528246908402,
                            0.06391545057172195,
                            -0.08044269983596625,
                            -0.009411846481737908,
                            0.05528771997811986,
                            -0.010543568123372265,
                            -0.044674233339879216,
                            -0.07556046350697693,
                            0.051465784274726506,
                            -0.06902242618697113,
                            0.08719171772672561,
                            0.013873684927262257,
                            0.0639290560778304,
                            0.024805222530298054,
                            0.007704445560476915,
                            0.05919808570199653,
                            0.12852113921864505,
                            -0.0766523381028678,
                            0.0128318556393991,
                            -0.024617395961513366,
                            -0.024506876813581394,
                            0.0675927586831941,
                            -0.0004644110708347717,
                            0.08612249569140262,
                            -0.038267898379368726,
                            -0.06431458116719539,
                            0.06408370917479449,
                            0.02786001829867913,
                            0.003127044776104492,
                            -0.0665240978958732,
                            0.047050417251580254,
                            -0.08078034854193548,
                            0.024193366383097673,
                            0.005603645693534269,
                            0.10055337822829424
                        ]
                    }
                },
                {
                    "instance": 0,
                    "evals": 450,
                    "best": {
                        "evals": 56,
                        "y": 82.57315855708562,
                        "x": [
                            -0.3647563321736748,
                            -0.4642273787599514,
                            -0.11594272823261606,
                            0.0680154935135696,
                            0.06424214109422242,
                            0.03032304993834293,
                            0.18246181022759808,
                            -0.23402800563596401,
                            -0.350958424089047,
                            -0.11147729602893675,
                            -0.5415374594342727,
                            -0.41565871413892896,
                            -0.27689330433786763,
                            -0.13804235604593054,
                            0.21854156363365523,
                            0.08319302754679764,
                            -0.03359086563444567,
                            0.27889749520408236,
                            -0.0586332517548594,
                            -0.1929674243092655,
                            0.3811097814091639,
                            -0.3220687260570825,
                            0.05909470352524157,
                            -0.4449060260840293,
                            -0.15073847120919237,
                            0.015059174044416014,
                            -0.2849881791986715,
                            0.19688258623409643,
                            -0.5605169760538449,
                            -0.3382364058748417,
                            -0.00844829726831059,
                            -0.2923317815964072,
                            -0.15100791826814747,
                            0.2946473160379237,
                            0.0011945204719849278,
                            0.26549251853643946,
                            0.1403944745439223,
                            0.007714125104126612,
                            0.07443460707506369,
                            0.49034378962020453
                        ]
                    }
                },
                {
                    "instance": 0,
                    "evals": 450,
                    "best": {
                        "evals": 56,
                        "y": 82.27956375241399,
                        "x": [
                            0.3474091880859598,
                            0.2335767722536223,
                            0.19206942016603082,
                            -0.2665740117306207,
                            -0.09924966321623041,
                            -0.8206288519180014,
                            -0.10649936833178647,
                            -0.5853499948270329,
                            0.4437624121243803,
                            -0.07567485637309049,
                            -0.5344649124579226,
                            0.00723732471294275,
                            -0.7793881155549282,
                            -0.5185300421436898,
                            0.05646884596768155,
                            -0.2730474698464854,
                            -0.06411448807979173,
                            0.996611962883643,
                            -0.03445708842534215,
                            -0.12210147325446104,
                            -0.8170088492175054,
                            0.05127509315678282,
                            0.20651283310247862,
                            -0.6357667463440176,
                            0.46485335054418875,
                            -0.02723046621783473,
                            0.4993767671598825,
                            0.053250984849766994,
                            0.06558178201767074,
                            -0.04497661910097717,
                            -0.5884228702503366,
                            -0.39361273094708493,
                            0.1816595997990682,
                            0.403573646781303,
                            -0.147710348130389,
                            -0.09501584334274044,
                            -0.022535440550054908,
                            -0.1938948316720974,
                            -0.23310957040512173,
                            0.5299203768340707
                        ]
                    }
                },
                {
                    "instance": 1,
                    "evals": 450,
                    "best": {
                        "evals": 55,
                        "y": 78.80095606659252,
                        "x": [
                            -0.15829766438974285,
                            -0.21947373337911724,
                            0.1333371757538692,
                            -0.22063766184430034,
                            -0.1023089531335384,
                            -0.11293356813667275,
                            -0.11195798203272898,
                            -0.057444495483768065,
                            -0.20306599865346223,
                            0.29561772027452593,
                            0.0450025979137041,
                            0.11109955223905449,
                            -0.1131622062551201,
                            0.1331462208717349,
                            -0.020526147801492627,
                            0.18273273401337514,
                            0.015509412867567083,
                            0.07625651321918397,
                            -0.16074404542484214,
                            -0.1407999244119299,
                            0.08015656116596774,
                            0.009149885718038639,
                            -0.025917436677292426,
                            0.09399292141696339,
                            -0.24174419961382188,
                            -0.10248471302761623,
                            0.07898014744593404,
                            0.20985906767029394,
                            -0.050554749095639284,
                            0.05789600173518321,
                            -0.1784764062463854,
                            0.08335939874461766,
                            0.16269972195461854,
                            0.16214397776254158,
                            0.12258675030951348,
                            0.0004483714685875797,
                            0.19351436650330597,
                            0.047098830278514525,
                            -0.18334930025637486,
                            -0.12333052694952623
                        ]
                    }
                },
                {
                    "instance": 1,
                    "evals": 450,
                    "best": {
                        "evals": 53,
                        "y": 79.38113381023713,
                        "x": [
                            -0.005482728698987213,
                            -0.110237157273647,
                            -0.006341162452646466,
                            0.07283227735744244,
                            -0.17596587773752298,
                            -0.09830501635483513,
                            0.23358646225973442,
                            -0.10449808930652855,
                            -0.04818780298975267,
                            0.01700436545077185,
                            -0.1614435176265641,
                            0.0573100764578373,
                            0.1428182020923327,
                            -0.1562263655793087,
                            -0.1204063431100693,
                            0.16484956917153915,
                            -0.38783228111092927,
                            0.11930017424603802,
                            0.021488692890963113,
                            -0.06431011029005546,
                            0.020883589371975805,
                            -0.09193355332834903,
                            -0.026786116704698968,
                            0.22305635485172487,
                            0.06428520051055805,
                            0.10197150993402995,
                            0.04837965671539868,
                            0.23982177090145748,
                            -0.03566259565245894,
                            0.1928688035553502,
                            -0.018305491438034366,
                            0.16366730137751576,
                            0.0319327163093155,
                            -0.047282193661223014,
                            0.03939471074661129,
                            -0.12787666290219873,
                            -0.01984806514700483,
                            -0.14840027568252384,
                            0.13460084253508003,
                            -0.36540148263822325
                        ]
                    }
                },
                {
                    "instance": 1,
                    "evals": 450,
                    "best": {
                        "evals": 59,
                        "y": 78.62745296560212,
                        "x": [
                            -0.010735438853925899,
                            0.11464008289612196,
                            -0.21320147056562666,
                            -0.271054636080173,
                            -0.311011881919383,
                            0.07708750853819785,
                            0.14412669699343622,
                            -0.05180559516137237,
                            0.16679473956951862,
                            0.256364081480294,
                            -0.048903828266125646,
                            -0.1246770419155395,
                            0.012944678992196326,
                            -0.247525342959713,
                            -0.4043068973882018,
                            -0.00440209686469336,
                            0.11839272735001846,
                            0.3481487526946703,
                            0.08547300186277257,
                            -0.5032011876284762,
                            -0.3051442537251823,
                            0.012899202351411565,
                            0.5186845167965488,
                            0.041876563410519825,
                            0.21906443649607998,
                            0.15729529617485133,
                            -0.1396138050520132,
                            -0.2472491100139037,
                            0.05729839013575419,
                            -0.2644264680327697,
                            -0.3460159417645568,
                            0.10747064959631486,
                            0.33784000824024424,
                            0.016964005155136706,
                            -0.3319160073957154,
                            -0.12977178495239647,
                            0.019557651379952343,
                            -0.09043560795079049,
                            -0.6109375910701451,
                            0.24558648317735804
                        ]
                    }
                },
                {
                    "instance": 1,
                    "evals": 450,
                    "best": {
                        "evals": 53,
                        "y": 78.79924917377829,
                        "x": [
                            -0.10847401536323655,
                            -0.3217283381481473,
                            -0.06280106979274086,
                            0.071320194329471,
                            -0.17839941570357346,
                            0.031937430813666345,
                            -0.06347962516086855,
                            0.1141668808037506,
                            0.005823751457426987,
                            -0.061215448054264,
                            -0.13156182601159863,
                            0.07028257299528073,
                            -0.10532217726702278,
                            0.08614430948266281,
                            0.26044788401759694,
                            0.18867426943794793,
                            -0.19448511294218224,
                            0.011961924119653376,
                            0.07265536132529868,
                            0.22562793828670907,
                            0.08715039201379654,
                            0.08651053618032424,
                            -0.20099530452465816,
                            0.09102956656926259,
                            -0.2319554850576155,
                            -0.16757100550141055,
                            0.01965505650334795,
                            0.13963831133622423,
                            0.05041049087055287,
                            -0.07875629161499864,
                            -0.14505997106911675,
                            0.11706105448911072,
                            0.09309788785892469,
                            -0.16903524306080026,
                            0.1577700865595902,
                            0.08530817142287311,
                            -0.15813047359880827,
                            0.009423003201227256,
                            -0.12875839633191194,
                            -0.31211984781258617
                        ]
                    }
                },
                {
                    "instance": 1,
                    "evals": 450,
                    "best": {
                        "evals": 75,
                        "y": 78.66301989306977,
                        "x": [
                            -0.1054414959041637,
                            0.16819716754015648,
                            -0.040027545693892636,
                            0.0544041867229806,
                            -0.2427481489801583,
                            0.24558449016112885,
                            -0.1565283407851234,
                            -0.18356547284339536,
                            0.10606368195028534,
                            0.029508407025368534,
                            0.30719686717431394,
                            0.19156507466636907,
                            0.04144293127037095,
                            0.28292383252599285,
                            -0.04002440296316927,
                            0.14914842640874748,
                            -0.0905087975483263,
                            0.06677502586784542,
                            -0.1508124343757882,
                            0.4438519533186111,
                            0.16736663479108946,
                            0.08105207992600405,
                            -0.09349706292664435,
                            -0.14835695023015635,
                            -0.027763119220269757,
                            0.040814812958778264,
                            0.09691825606856547,
                            0.10575125248089622,
                            -0.002534214157669898,
                            0.017361056563642664,
                            -0.20714816970331157,
                            0.17605551163205668,
                            -0.19737821654874657,
                            0.4796620268200911,
                            -0.1446323724491537,
                            -0.29575801811292085,
                            0.09099123039351614,
                            -0.05026469841245466,
                            0.03667237218104366,
                            -0.2724075665141521
                        ]
                    }
                }
            ]
        },
        {
            "dimension": 2,
            "path": "data_f21_Gallagher101/IOHprofiler_f21_DIM2.dat",
            "runs": [
                {
                    "instance": 1,
                    "evals": 70,
                    "best": {
                        "evals": 44,
                        "y": 0.805173278891335,
                        "x": [
                            0.7485741046730778,
                            2.8561626807696117
                        ]
                    }
                },
                {
                    "instance": 1,
                    "evals": 70,
                    "best": {
                        "evals": 33,
                        "y": 1.2070759299310332,
                        "x": [
                            -2.8863618178291777,
                            -1.7294217222977908
                        ]
                    }
                },
                {
                    "instance": 1,
                    "evals": 70,
                    "best": {
                        "evals": 17,
                        "y": 1.487431897153553,
                        "x": [
                            -2.7900599016018255,
                            -1.6361468745450236
                        ]
                    }
                },
                {
                    "instance": 1,
                    "evals": 70,
                    "best": {
                        "evals": 36,
                        "y": 9.726559946409602e-08,
                        "x": [
                            -2.4950775981081623,
                            -1.774315369374575
                        ]
                    }
                },
                {
                    "instance": 1,
                    "evals": 70,
                    "best": {
                        "evals": 32,
                        "y": 0.5673431316880471,
                        "x": [
                            -2.089223108419893,
                            -1.7539343034173163
                        ]
                    }
                },
                {
                    "instance": 2,
                    "evals": 70,
                    "best": {
                        "evals": 10,
                        "y": 1.1006609766583597,
                        "x": [
                            -2.6683006627388766,
                            -2.1200875008992757
                        ]
                    }
                },
                {
                    "instance": 2,
                    "evals": 70,
                    "best": {
                        "evals": 23,
                        "y": 2.0113660171222785,
                        "x": [
                            -0.396074904655876,
                            -1.7234452638246731
                        ]
                    }
                },
                {
                    "instance": 2,
                    "evals": 70,
                    "best": {
                        "evals": 25,
                        "y": 0.013485961863752755,
                        "x": [
                            1.6268647117248953,
                            -2.0462088867490458
                        ]
                    }
                },
                {
                    "instance": 2,
                    "evals": 70,
                    "best": {
                        "evals": 1,
                        "y": 1.1654581232066603,
                        "x": [
                            -2.6578555622134488,
                            -2.1445525106387517
                        ]
                    }
                },
                {
                    "instance": 2,
                    "evals": 70,
                    "best": {
                        "evals": 14,
                        "y": 0.3216045949165286,
                        "x": [
                            2.1914353063839256,
                            -2.1438344838315477
                        ]
                    }
                },
                {
                    "instance": 0,
                    "evals": 70,
                    "best": {
                        "evals": 31,
                        "y": 0.2583672131672298,
                        "x": [
                            -4.342273377424799,
                            2.4696841937284173
                        ]
                    }
                },
                {
                    "instance": 0,
                    "evals": 70,
                    "best": {
                        "evals": 37,
                        "y": 0.0004348837392305946,
                        "x": [
                            -3.421841828144089,
                            2.495049543619544
                        ]
                    }
                },
                {
                    "instance": 0,
                    "evals": 70,
                    "best": {
                        "evals": 2,
                        "y": 1.4225704365770409,
                        "x": [
                            -1.1903816436355728,
                            1.7267742518323717
                        ]
                    }
                },
                {
                    "instance": 0,
                    "evals": 70,
                    "best": {
                        "evals": 4,
                        "y": 0.044234381225108595,
                        "x": [
                            -4.057922623416811,
                            2.474754748800626
                        ]
                    }
                },
                {
                    "instance": 0,
                    "evals": 70,
                    "best": {
                        "evals": 50,
                        "y": 2.066474509642128,
                        "x": [
                            -0.5866595614387329,
                            1.9853713931272452
                        ]
                    }
                }
            ]
        },
        {
            "dimension": 10,
            "path": "data_f21_Gallagher101/IOHprofiler_f21_DIM10.dat",
            "runs": [
                {
                    "instance": 1,
                    "evals": 150,
                    "best": {
                        "evals": 24,
                        "y": 48.83181060503227,
                        "x": [
                            3.846201558378622,
                            -3.388867234929821,
                            -1.250640100501896,
                            3.7414257223191107,
                            -3.2985163928403867,
                            -0.28221475596987844,
                            0.09017246672202717,
                            3.41654701409111,
                            -3.5643782760380223,
                            1.527512731429689
                        ]
                    }
                },
                {
                    "instance": 1,
                    "evals": 150,
                    "best": {
                        "evals": 28,
                        "y": 31.975635887354823,
                        "x": [
                            4.8487884143757825,
                            1.7316219368843235,
                            4.654651446874139,
                            -1.1537506886429738,
                            4.504737845139337,
                            1.6378827900075503,
                            1.8465942046825612,
                            1.0138814638251539,
                            0.2706877189511907,
                            1.7210593158523215
                        ]
                    }
                },
                {
                    "instance": 1,
                    "evals": 150,
                    "best": {
                        "evals": 21,
                        "y": 35.09964303946763,
                        "x": [
                            1.3609779999164928,
                            2.2400434124441286,
                            1.3115496946822072,
                            2.0846241860784094,
                            -2.4948249975570147,
                            -2.7475642702240983,
                            1.5879488994941493,
                            -2.4893411087323174,
                            1.3262227712110413,
                            2.990805776152806
                        ]
                    }
                },
                {
                    "instance": 1,
                    "evals": 150,
                    "best": {
                        "evals": 40,
                        "y": 64.20847191033461,
                        "x": [
                            3.6207340664045375,
                            3.4650361698816,
                            0.7298367838326048,
                            0.762008806652891,
                            3.5617827433923424,
                            1.0780741037659913,
                            -3.2117432653658997,
                            2.4432256163135317,
                            0.602971654162272,
                            -2.5040525226194315
                        ]
                    }
                },
                {
                    "instance": 1,
                    "evals": 150,
                    "best": {
                        "evals": 11,
                        "y": 52.113106393862665,
                        "x": [
                            -4.7598028376366655,
                            -2.7065719772703263,
                            0.6024824011173315,
                            2.6845335114365456,
                            -3.8223439642704244,
                            1.4060232648457518,
                            0.11713387014587084,
                            2.882348333262761,
                            -1.790094513263651,
                            -1.91409214372894
                        ]
                    }
                },
                {
                    "instance": 2,
                    "evals": 150,
                    "best": {
                        "evals": 4,
                        "y": 50.04080327283769,
                        "x": [
                            2.535793957600382,
                            -0.9311479696778289,
                            4.1010240040575,
                            3.8611005018363738,
                            -3.593666716220083,
                            1.7707561429839282,
                            4.237305902251528,
                            0.9268585438658761,
                            -2.565826272493271,
                            1.8819423510130804
                        ]
                    }
                },
                {
                    "instance": 2,
                    "evals": 150,
                    "best": {
                        "evals": 7,
                        "y": 68.56123049642328,
                        "x": [
                            -2.753507729399381,
                            2.0170056829570964,
                            -0.7126012798479291,
                            2.5752593029040867,
                            3.673752726919833,
                            2.1115761684286305,
                            3.15947560099948,
                            2.8122406522346433,
                            -4.053131677324185,
                            -2.973026905907223
                        ]
                    }
                },
                {
                    "instance": 2,
                    "evals": 150,
                    "best": {
                        "evals": 29,
                        "y": 53.234912893395325,
                        "x": [
                            1.7504652818052708,
                            4.952862747767266,
                            -3.052374040853219,
                            3.006868427904477,
                            -2.36129641040683,
                            -0.31020405853089983,
                            3.022424649838646,
                            1.9610614539776865,
                            2.4172628506118414,
                            2.830401622376824
                        ]
                    }
                },
                {
                    "instance": 2,
                    "evals": 150,
                    "best": {
                        "evals": 12,
                        "y": 57.44824508753572,
                        "x": [
                            3.634326979162161,
                            -1.7884914578872886,
                            -1.2979119273818478,
                            -2.239194972371589,
                            -0.8327286899235364,
                            0.4297560364968609,
                            -0.5104760880529451,
                            -3.136502180213015,
                            1.2731076404414408,
                            -2.793986542392484
                        ]
                    }
                },
                {
                    "instance": 2,
                    "evals": 150,
                    "best": {
                        "evals": 2,
                        "y": 59.63434668407649,
                        "x": [
                            1.413043836653669,
                            1.3736175080507484,
                            3.767455032287087,
                            -2.9073324810444667,
                            -1.5891778582535112,
                            0.5580335009735933,
                            0.5531232958330223,
                            -3.2872760898033704,
                            2.2779060556787343,
                            1.7846488735224852
                        ]
                    }
                },
                {
                    "instance": 0,
                    "evals": 150,
                    "best": {
                        "evals": 6,
                        "y": 71.1007407065483,
                        "x": [
                            3.5045833155893344,
                            1.2525635610209074,
                            2.0173764878840945,
                            -3.689934893413141,
                            1.836475120708684,
                            -0.7619468343827398,
                            4.207593355039862,
                            2.493086232240115,
                            1.5118355721464107,
                            -3.322618557227708
                        ]
                    }
                },
                {
                    "instance": 0,
                    "evals": 150,
                    "best": {
                        "evals": 49,
                        "y": 61.709557594642604,
                        "x": [
                            -4.403380117708635,
                            0.11790238407279308,
                            2.212759244306323,
                            -2.490109131500394,
                            -3.6226631397340663,
                            -0.8207665271663176,
                            3.0800210970075383,
                            2.5839623239588594,
                            0.8956965712234535,
                            -3.1455774045976987
                        ]
                    }
                },
                {
                    "instance": 0,
                    "evals": 150,
                    "best": {
                        "evals": 27,
                        "y": 68.43133434501014,
                        "x": [
                            4.383347287002206,
                            -1.154419028969528,
                            3.063453204048212,
                            -0.9529983862029336,
                            -2.3041117798045825,
                            0.18202750006020096,
                            -1.9321005881454094,
                            -3.823886208031385,
                            4.442128958081783,
                            1.8425271099642355
                        ]
                    }
                },
                {
                    "instance": 0,
                    "evals": 150,
                    "best": {
                        "evals": 12,
                        "y": 50.778874401101035,
                        "x": [
                            -0.8596886140169175,
                            3.5463563940157243,
                            -3.4609479014130766,
                            -4.7647171771570775,
                            -2.305054379193523,
                            -2.8968989846939417,
                            1.7358293525230444,
                            -2.1315386313656317,
                            1.0575332776191342,
                            0.5015931774404114
                        ]
                    }
                },
                {
                    "instance": 0,
                    "evals": 150,
                    "best": {
                        "evals": 22,
                        "y": 59.42821444707018,
                        "x": [
                            -4.368419470887183,
                            0.9540424066469377,
                            -4.9900156100837725,
                            1.3221477397590862,
                            4.209238279665579,
                            -2.702603773866508,
                            0.6533159407135596,
                            -4.43252693709008,
                            1.2874810362750857,
                            -1.599143593993971
                        ]
                    }
                }
            ]
        }
    ]
}