{
    "version": "0.3.18",
    "suite": "unknown_suite",
    "function_id": 1,
    "function_name": "Sphere",
    "maximization": false,
    "algorithm": {
        "name": "<utils.PBO.PBO object at 0x700f3ecdcd60>",
        "info": "algorithm_info"
    },
    "attributes": [
        "evaluations",
        "raw_y"
    ],
    "scenarios": [
        {
            "dimension": 2,
            "path": "data_f1_Sphere/IOHprofiler_f1_DIM2.dat",
            "runs": [
                {
                    "instance": 0,
                    "evals": 70,
                    "best": {
                        "evals": 6,
                        "y": 1.5428045107936765,
                        "x": [
                            -1.8784910296197124,
                            -3.563319098029313
                        ]
                    }
                },
                {
                    "instance": 0,
                    "evals": 70,
                    "best": {
                        "evals": 22,
                        "y": 0.4362813753156955,
                        "x": [
                            -1.0757311005492936,
                            -3.7881812219843494
                        ]
                    }
                },
                {
                    "instance": 0,
                    "evals": 70,
                    "best": {
                        "evals": 9,
                        "y": 0.29080499849104113,
                        "x": [
                            -0.998533169832764,
                            -2.8350292465025793
                        ]
                    }
                },
                {
                    "instance": 0,
                    "evals": 70,
                    "best": {
                        "evals": 39,
                        "y": 0.15081796803339306,
                        "x": [
                            -0.6512794964878763,
                            -3.6525561552857386
                        ]
                    }
                },
                {
                    "instance": 0,
                    "evals": 70,
                    "best": {
                        "evals": 14,
                        "y": 0.9995523772455267,
                        "x": [
                            -0.6546659061483577,
                            -2.265188309449261
                        ]
                    }
                },
                {
                    "instance": 1,
                    "evals": 70,
                    "best": {
                        "evals": 23,
                        "y": 0.049756428054773,
                        "x": [
                            0.04159647004185629,
                            -1.2285599957357345
                        ]
                    }
                },
                {
                    "instance": 1,
                    "evals": 70,
                    "best": {
                        "evals": 13,
                        "y": 0.06521957408700005,
                        "x": [
                            0.2136506462632406,
                            -0.9044373597598208
                        ]
                    }
                },
                {
                    "instance": 1,
                    "evals": 70,
                    "best": {
                        "evals": 47,
                        "y": 0.8271242987970562,
                        "x": [
                            0.6789660659499672,
                            -0.35336563240686303
                        ]
                    }
                },
                {
                    "instance": 1,
                    "evals": 70,
                    "best": {
                        "evals": 35,
                        "y": 0.0963613838286781,
                        "x": [
                            0.5395390181477966,
                            -1.2757206428687446
                        ]
                    }
                },
                {
                    "instance": 1,
                    "evals": 70,
                    "best": {
                        "evals": 13,
                        "y": 0.0383349927371564,
                        "x": [
                            0.0634645882074123,
                            -1.1069292211962982
                        ]
                    }
                },
                {
                    "instance": 2,
                    "evals": 70,
                    "best": {
                        "evals": 47,
                        "y": 0.16761486525518787,
                        "x": [
                            -3.579562758888378,
                            -3.147222271104975
                        ]
                    }
                },
                {
                    "instance": 2,
                    "evals": 70,
                    "best": {
                        "evals": 30,
                        "y": 0.15004831969031673,
                        "x": [
                            -3.5223034825290984,
                            -2.9831347250849243
                        ]
                    }
                },
                {
                    "instance": 2,
                    "evals": 70,
                    "best": {
                        "evals": 21,
                        "y": 0.08918594236528493,
                        "x": [
                            -4.196734608064712,
                            -2.8768942976428526
                        ]
                    }
                },
                {
                    "instance": 2,
                    "evals": 70,
                    "best": {
                        "evals": 44,
                        "y": 0.02716764543382357,
                        "x": [
                            -3.78901836017325,
                            -2.76709832806229
                        ]
                    }
                },
                {
                    "instance": 2,
                    "evals": 70,
                    "best": {
                        "evals": 25,
                        "y": 0.10417432967001164,
                        "x": [
                            -3.5815435379308727,
                            -2.951851705550353
                        ]
                    }
                }
            ]
        },
        {
            "dimension": 40,
            "path": "data_f1_Sphere/IOHprofiler_f1_DIM40.dat",
            "runs": [
                {
                    "instance": 2,
                    "evals": 450,
                    "best": {
                        "evals": 53,
                        "y": 260.3244447559812,
                        "x": [
                            0.3731491566272953,
                            -0.40366082355548005,
                            -0.2848703016316453,
                            0.2158957074002038,
                            -0.29021878816467556,
                            -0.31153912294926156,
                            0.6323699206607382,
                            -0.431806357257581,
                            -0.5056905105579282,
                            0.6367951206284437,
                            -0.36943627059193834,
                            0.6170784012496386,
                            -0.5506570499482314,
                            -0.02651249235855778,
                            0.01108750110716647,
                            0.3355490142473152,
                            -0.35581155479556004,
                            -0.5583178003965888,
                            0.08202497254244637,
                            -0.24848861760149643,
                            0.3446815065808547,
                            -1.2143847204861546,
                            0.21158890102800665,
                            0.7422620175568625,
                            0.024227850965561737,
                            0.31511449822425464,
                            -0.39560980594302253,
                            0.19756845420381342,
                            -0.6838322048925535,
                            0.6380083726762797,
                            0.2165751553931471,
                            -0.22533541347306785,
                            -0.03749327977766992,
                            -0.027238609262665303,
                            0.25251425145205103,
                            -0.26425164501332965,
                            -0.1698747579821603,
                            -0.03256710249910552,
                            -0.34330780973875197,
                            0.10425192416822937
                        ]
                    }
                },
                {
                    "instance": 2,
                    "evals": 450,
                    "best": {
                        "evals": 53,
                        "y": 278.09058994388215,
                        "x": [
                            -0.031932367094705996,
                            0.15620755150017057,
                            0.03972013608565241,
                            0.11191175399162137,
                            -0.0379802212367828,
                            0.1824792338956137,
                            -0.19121318847527563,
                            -0.14599752321358933,
                            -0.062332652796438355,
                            0.061692937575293705,
                            -0.0837028093801684,
                            -0.20541410873395066,
                            0.12731590393655998,
                            0.08836327247227743,
                            -0.04501467148723806,
                            0.20013039258551216,
                            0.10755970303343163,
                            0.25192940841836825,
                            -0.021626981585057596,
                            0.4529890730978331,
                            0.0695086514888192,
                            -0.07189290527558649,
                            0.08808568251660759,
                            0.06914244096708685,
                            -0.06548566856121409,
                            0.4272678217798584,
                            0.15468317854491034,
                            -0.036235967063194395,
                            -0.17022940136410153,
                            0.06965446169707185,
                            -0.06336375436659854,
                            0.14998715363980622,
                            -0.003280685251649155,
                            0.053047197612456326,
                            0.2322475058611728,
                            -0.03468816260022078,
                            -0.18495819582672707,
                            -0.31400278951595395,
                            0.04460753832156179,
                            -0.2432998157822849
                        ]
                    }
                },
                {
                    "instance": 2,
                    "evals": 450,
                    "best": {
                        "evals": 52,
                        "y": 272.30338841183607,
                        "x": [
                            -0.20555877385241436,
                            -0.174078168011914,
                            -0.2832959196098314,
                            0.16217714282446052,
                            0.24561566025673096,
                            0.6664652519104274,
                            0.0137693992936633,
                            0.1369874154941114,
                            0.10877568836011961,
                            0.00018149152582411232,
                            0.43366511823993414,
                            0.09239852990509977,
                            0.4118042550865046,
                            -0.23343012024975848,
                            -0.12933853103791557,
                            0.11432156030714061,
                            0.22266202264178225,
                            -0.05220366102862729,
                            0.15542322434810946,
                            0.04384030718248972,
                            -0.542526457590999,
                            -0.08345854598555083,
                            0.13232719216701028,
                            -0.17624066187949,
                            0.2660966469777543,
                            0.11181071376605087,
                            -0.23888106377033422,
                            -0.6936966352347039,
                            0.11292316361405197,
                            0.14485233905520273,
                            -0.25945777378785234,
                            -0.0058998791727119144,
                            0.21320865568554453,
                            -0.13058005164695477,
                            -0.00993128401868034,
                            0.36985605532808224,
                            -0.23150237614155744,
                            0.04658848816579926,
                            0.01880511099765684,
                            -0.1084804890695403
                        ]
                    }
                },
                {
                    "instance": 2,
                    "evals": 450,
                    "best": {
                        "evals": 53,
                        "y": 241.58793916344501,
                        "x": [
                            -0.5768894966394809,
                            -0.06158179317636611,
                            0.20883733232551643,
                            0.712757172275154,
                            -0.050832373732687224,
                            -0.36831338656338714,
                            0.4664841133172948,
                            0.008842484082779892,
                            -0.1421611515790635,
                            -0.44642788017887536,
                            0.008575810417175332,
                            0.27173334281405076,
                            0.32889977252093866,
                            0.40555882734557175,
                            0.15185161013073326,
                            0.20532814417007578,
                            -0.08579368397823102,
                            -0.12494493028063727,
                            -0.13701692059272147,
                            0.04115362190215488,
                            0.2620607805982649,
                            -0.2296906219449943,
                            0.15488587771182147,
                            -0.02766765175078792,
                            0.29559603965547593,
                            0.6554143679956358,
                            -0.03114449752724692,
                            0.23129920485011485,
                            -0.3482462834037303,
                            0.6804658085851318,
                            -0.44345734590190533,
                            -0.47409642637583366,
                            0.3415180162333003,
                            0.03464299846919375,
                            0.5138477411211131,
                            0.0033859981190349914,
                            0.06106176777935027,
                            0.0462025753039217,
                            -0.016013593216047776,
                            -0.3921056331442627
                        ]
                    }
                },
                {
                    "instance": 2,
                    "evals": 450,
                    "best": {
                        "evals": 53,
                        "y": 274.5213911947855,
                        "x": [
                            -0.3556706713919353,
                            -0.08429323623116974,
                            -0.6350479998385495,
                            0.039928359005938524,
                            -0.6446925750814355,
                            -0.058829368326894206,
                            0.1545019731764199,
                            0.22677759273340373,
                            -0.11796176315493173,
                            -0.3355531607167698,
                            -0.28256956305682956,
                            0.011856215153506267,
                            -0.613942803036978,
                            0.3263904250537551,
                            0.16756181315710567,
                            -0.30095884952667457,
                            0.4088184568700892,
                            0.2974895373878441,
                            0.1762118133824416,
                            0.4166433826702859,
                            0.287159529575209,
                            0.04357842388758195,
                            0.07715257820575658,
                            0.11749661247017718,
                            0.4106484237618275,
                            -0.4547901732189864,
                            -0.3015258127565949,
                            -0.02113078653585007,
                            0.0662276311696111,
                            0.784267512148976,
                            -0.06503753693837697,
                            0.14284370470329505,
                            0.08895527199156296,
                            0.5673141998015003,
                            0.13129860794689063,
                            0.2194282939138577,
                            0.4527928375179432,
                            0.5793528792349291,
                            -0.09120309709280555,
                            0.17464716248384288
                        ]
                    }
                },
                {
                    "instance": 0,
                    "evals": 450,
                    "best": {
                        "evals": 52,
                        "y": 205.30353271482235,
                        "x": [
                            -0.18972840384246897,
                            0.01758636360374724,
                            -0.3082056326695787,
                            -0.16120868667413055,
                            0.270744742790083,
                            -0.395396610157229,
                            0.12611708188034057,
                            0.07334702542309535,
                            0.41118522546942726,
                            0.4103862842689597,
                            0.24563794130762073,
                            0.08862357276816253,
                            0.3212356432230936,
                            0.007017216463159115,
                            -0.21786301246288775,
                            0.2745856906596314,
                            0.4447648053483189,
                            -0.09799057982424812,
                            0.05321726450797076,
                            0.11977251049289463,
                            -0.11349080835865152,
                            -0.2652460884462189,
                            -0.2714544454138588,
                            -0.3675758190576902,
                            -0.15457244921043634,
                            -0.07775975699423911,
                            -0.12233571221096462,
                            0.4570854431269989,
                            0.018281760795695462,
                            0.5325204597687392,
                            -0.046176978100192625,
                            0.2219187854455756,
                            -0.09016561751439885,
                            0.07771929607313618,
                            -0.060255299501567994,
                            0.18148624874956878,
                            0.06415422758237756,
                            0.5110645440223792,
                            0.08024867444676523,
                            0.5081825760982833
                        ]
                    }
                },
                {
                    "instance": 0,
                    "evals": 450,
                    "best": {
                        "evals": 52,
                        "y": 204.4474184191467,
                        "x": [
                            0.1522327335976701,
                            0.07949175900672423,
                            -0.3135829240240186,
                            -0.3026419915875753,
                            -0.10708298365364166,
                            -0.5641384663727312,
                            -0.09238891128365079,
                            -0.24052422492219,
                            0.1431155262526716,
                            0.08624268462821061,
                            0.18123672588082723,
                            0.12374282536759937,
                            -0.10946985577706851,
                            -0.33454619793242535,
                            0.07142993179648294,
                            -0.060472160371211336,
                            0.11324762864065913,
                            -0.5117412080045284,
                            -0.31503866596104246,
                            0.08820935950067957,
                            -0.7204888135504589,
                            0.2396972008540179,
                            0.28772249470485123,
                            0.09846761128608068,
                            0.2974505819725531,
                            -0.008581318030845261,
                            -0.4966627115679448,
                            0.009271958470053077,
                            0.23552017036523548,
                            0.4044306784014897,
                            -0.2883013640187938,
                            0.698564153438689,
                            0.00026982406301692685,
                            0.22519417986395504,
                            -0.23816459869846446,
                            0.27855855131658036,
                            -0.03401817635357082,
                            -0.18016182159644334,
                            0.1341912073719464,
                            0.2364466063257833
                        ]
                    }
                },
                {
                    "instance": 0,
                    "evals": 450,
                    "best": {
                        "evals": 52,
                        "y": 206.52058998349614,
                        "x": [
                            0.22501089208625286,
                            -0.6799479512872333,
                            0.10599763363995518,
                            -0.14782250493438615,
                            -0.2637685350154959,
                            0.20164187349573628,
                            0.4007255664243226,
                            -0.11580726939072594,
                            0.3858909166917004,
                            0.2967167309977569,
                            -0.486138733893782,
                            -0.26804877799884275,
                            0.03598227897316328,
                            -0.46428460787776993,
                            0.039143847548529204,
                            0.01470852474679167,
                            -0.0004949631495644452,
                            0.2571952834908186,
                            0.05769991875699675,
                            0.10449048647883648,
                            0.14194888190130714,
                            -0.04482409778894633,
                            0.3443570677823662,
                            -0.2078905853280242,
                            0.26543767228998094,
                            0.11310830112386036,
                            0.12015720757485743,
                            -0.43076447854875677,
                            0.2313863617238926,
                            -0.08473631989878977,
                            -0.21544704684583327,
                            -0.0835208572876332,
                            0.327443690000958,
                            0.36886510320727306,
                            0.06125371601209448,
                            -0.20089418487688246,
                            -0.37148469814967156,
                            0.1976249700694525,
                            0.00441938271959233,
                            -0.013293624751665206
                        ]
                    }
                },
                {
                    "instance": 0,
                    "evals": 450,
                    "best": {
                        "evals": 52,
                        "y": 212.15499998479257,
                        "x": [
                            0.10487264154830743,
                            -0.2604167424205403,
                            -0.1445551097255932,
                            0.26387788198689727,
                            0.12486633954298726,
                            -0.2836470995607946,
                            -0.26943911272876264,
                            -0.04324265759988246,
                            0.08657055999499078,
                            0.05305663629212414,
                            -0.16001549599558182,
                            -0.2004048313603064,
                            0.08433577498867695,
                            0.1236088592756781,
                            0.1295205234294927,
                            0.15531378295190792,
                            -0.22122141844275892,
                            0.6251109553291946,
                            -0.08642988465282495,
                            0.09797423972841265,
                            0.2426879682532436,
                            -0.0737292666902861,
                            0.015569887292985744,
                            -0.08358452159870529,
                            0.015723223451049734,
                            0.24375276414578462,
                            0.15255491855760542,
                            0.34224955852686423,
                            0.21935779331511368,
                            -0.017344622844346548,
                            -0.2668271554486631,
                            0.08003581331707266,
                            -0.11305431611911354,
                            -0.2865499716556012,
                            -0.3231947368465462,
                            0.00505383980245842,
                            -0.17791397988338428,
                            -0.024271587403797028,
                            0.04387047831009997,
                            0.060058504197877983
                        ]
                    }
                },
                {
                    "instance": 0,
                    "evals": 450,
                    "best": {
                        "evals": 52,
                        "y": 208.7191332187564,
                        "x": [
                            -0.2957388569964746,
                            -0.15968192671158155,
                            0.13529084366731553,
                            0.352259502119998,
                            0.16149162391746968,
                            0.03770380310739914,
                            0.9264551343314003,
                            -0.5924272066803601,
                            0.20032452704950798,
                            -0.3277091619786715,
                            -0.18190037386670374,
                            -0.5772712046558052,
                            0.7466224533433522,
                            0.2273823287526175,
                            -0.027088089360730885,
                            0.43307957989005624,
                            -0.5953291243747779,
                            -0.5493962358282088,
                            -0.16153380089070152,
                            0.7642235034431181,
                            -0.1904465814378965,
                            0.10396791063297993,
                            -0.17892291532960464,
                            0.39736415146769993,
                            0.3111676233229272,
                            0.025407214404751216,
                            -0.11039196043384047,
                            -0.2072417312653164,
                            -0.25194056885305244,
                            -0.07564783455051938,
                            -0.052298518708835826,
                            0.41224442762910596,
                            0.2049787357876976,
                            -0.014187998930480852,
                            -0.3749664122255435,
                            -0.2536203297526236,
                            0.8203134912051568,
                            0.4972008454134013,
                            -0.5261495037934522,
                            -0.34156889195963724
                        ]
                    }
                },
                {
                    "instance": 1,
                    "evals": 450,
                    "best": {
                        "evals": 52,
                        "y": 162.9609372828095,
                        "x": [
                            0.10036685734240793,
                            0.2743467398376773,
                            0.3535318063572951,
                            0.41448926749535847,
                            0.041397849737811174,
                            0.14376737973336345,
                            -0.11760666429536834,
                            0.2576959733315525,
                            0.41961284763833995,
                            -0.15504482269268682,
                            0.1474918146712632,
                            0.10265994003650024,
                            0.12866822945967368,
                            0.16821580156892885,
                            0.3579366032648774,
                            0.09364268022623232,
                            -0.25972416220353095,
                            -0.00973842936732773,
                            -0.18101516151101207,
                            0.038209864298376583,
                            0.2554801102735041,
                            0.4561664650691726,
                            0.17517456523813577,
                            0.023119731053777334,
                            0.22427345508843688,
                            -0.22746527323587917,
                            0.10070874207875181,
                            0.06904699325813805,
                            -0.18525242997767302,
                            -0.024685796046037323,
                            0.3762699948514367,
                            -0.3073353532498204,
                            0.11188925156022943,
                            0.16736379617101732,
                            -0.09445463514536233,
                            0.4902975501148613,
                            0.19621869102368034,
                            0.10233383876238042,
                            -0.1359193932200952,
                            0.1982385010514887
                        ]
                    }
                },
                {
                    "instance": 1,
                    "evals": 450,
                    "best": {
                        "evals": 52,
                        "y": 135.72897306676938,
                        "x": [
                            -0.22155993595902768,
                            -0.04448500273189568,
                            -0.23078529447161567,
                            0.12977791841915248,
                            -0.25415474349308087,
                            -0.4317984119165007,
                            0.11540192992123542,
                            -0.26781056979715573,
                            -0.2211405975918504,
                            -0.03132022560394859,
                            -0.31313545321228553,
                            0.447076090509492,
                            0.741875643389637,
                            0.13211379463354567,
                            0.7852970470377352,
                            0.05616849357976332,
                            -0.3529162362703443,
                            -0.33935713346915064,
                            -0.2756311122532042,
                            -0.22765576845032207,
                            0.7529995840196133,
                            1.0986160755858243,
                            0.06701307525019731,
                            0.06002265428996434,
                            -0.23240826188213934,
                            0.12161256763771829,
                            0.117539129273178,
                            0.6395360064770275,
                            0.16981961379594593,
                            0.9723771210804647,
                            -0.10187956365404291,
                            -0.1616251257786148,
                            0.5446835426801858,
                            0.5314092943174552,
                            -0.1905919603696547,
                            0.8122398002705038,
                            0.3900067045162672,
                            0.07051192993770278,
                            -0.17473179116761642,
                            0.1100900140237455
                        ]
                    }
                },
                {
                    "instance": 1,
                    "evals": 450,
                    "best": {
                        "evals": 52,
                        "y": 168.7519047162139,
                        "x": [
                            0.16122783236842883,
                            -0.3540531589623426,
                            -0.4561970000955155,
                            0.07623293752356003,
                            -0.23855353301413623,
                            0.39582734415019843,
                            -0.3317707858972746,
                            0.0953322908075492,
                            0.457430800813279,
                            -0.2225086742133499,
                            0.19782727311975434,
                            0.20280364652564364,
                            0.14223436788076432,
                            -0.08727128539031509,
                            -0.3812372482557099,
                            -0.11466868700360891,
                            0.020890852213950276,
                            -0.24672936218217295,
                            -0.02924702528811131,
                            0.14866117865135287,
                            0.2997421921522608,
                            0.0781620808447544,
                            0.054673309936416704,
                            0.5630310110838389,
                            0.2848091732893675,
                            -0.010705737040568236,
                            -0.09981166895570083,
                            0.18329884713636466,
                            0.6307027333234079,
                            0.3406522960549836,
                            0.08780973405140385,
                            0.14033797525026626,
                            -0.03777073996631707,
                            -0.04459246063023485,
                            0.23929178087401604,
                            -0.29695057464969843,
                            0.1638039256765181,
                            0.20477282348328288,
                            -0.12202481576846419,
                            0.296831054302997
                        ]
                    }
                },
                {
                    "instance": 1,
                    "evals": 450,
                    "best": {
                        "evals": 52,
                        "y": 155.45781398241724,
                        "x": [
                            0.2799996588761096,
                            -0.49676681367272607,
                            -0.7324692618834336,
                            0.8350679918072912,
                            0.2538965147063355,
                            -0.34056353039406795,
                            0.2945156972042309,
                            -0.7193588593172451,
                            -0.8143210763332421,
                            -0.19118166730566155,
                            -0.2993418003874206,
                            0.14526409107014474,
                            0.04751572816910806,
                            -0.42218194320044433,
                            0.3875996560434581,
                            0.1230009421232516,
                            -0.13585097163132231,
                            -0.008265097971227674,
                            0.17127792118754787,
                            -0.13548661996467237,
                            -0.4254030711016897,
                            -0.2226580600325649,
                            0.044306174146415134,
                            0.07902215609084753,
                            -0.27807443455119374,
                            -0.7578089376137425,
                            -0.44760280355489324,
                            -0.09782021140602246,
                            -0.04003731350985229,
                            0.5068152744879909,
                            0.4566011835968058,
                            -0.41658689926476467,
                            0.09518199445743597,
                            0.42335547326136697,
                            0.1846970655505213,
                            0.1746630014978456,
                            0.7457788477870297,
                            0.27460729326572525,
                            -0.4692755786821113,
                            -0.3680801152668336
                        ]
                    }
                },
                {
                    "instance": 1,
                    "evals": 450,
                    "best": {
                        "evals": 52,
                        "y": 170.2950952879938,
                        "x": [
                            -0.27537006187862195,
                            -0.09337361679689188,
                            -0.2512249369728538,
                            -0.029059152131764632,
                            -0.009585030231368627,
                            -0.005580991875556884,
                            -0.3299519650827606,
                            0.030772545270373708,
                            0.07856606531615082,
                            -0.19275254181286783,
                            -0.2159374995926916,
                            0.3898367619143424,
                            0.30318672475660385,
                            -0.053526509441014836,
                            -0.036489292542145266,
                            -0.2091745566733838,
                            -0.3063880927815067,
                            -0.19915251993132693,
                            -0.21424659347789526,
                            -0.041989592899354514,
                            -0.06422464986341504,
                            -0.19648188543010167,
                            0.356562775806036,
                            -0.16218143847005725,
                            0.005397028164864152,
                            0.16719969398141216,
                            0.05070151485193437,
                            0.029395749910929775,
                            0.20894587427460168,
                            -0.23706028631442674,
                            0.17966958811526518,
                            -0.6922902443571672,
                            -0.23930124768837074,
                            -0.09343978298666836,
                            0.011606396838449995,
                            0.14227287171676034,
                            -0.17435208099201485,
                            -0.003408249878186928,
                            0.11020397554715629,
                            0.038469045258179985
                        ]
                    }
                }
            ]
        },
        {
            "dimension": 10,
            "path": "data_f1_Sphere/IOHprofiler_f1_DIM10.dat",
            "runs": [
                {
                    "instance": 1,
                    "evals": 150,
                    "best": {
                        "evals": 52,
                        "y": 22.454832268538016,
                        "x": [
                            0.5910138423063889,
                            -0.1467598402598433,
                            0.17298331914369494,
                            0.201702227493248,
                            -0.12899860305517208,
                            0.014809535312269622,
                            -0.37319671400963933,
                            -0.22684463356660306,
                            0.27495349312687584,
                            -0.4044279877211745
                        ]
                    }
                },
                {
                    "instance": 1,
                    "evals": 150,
                    "best": {
                        "evals": 52,
                        "y": 23.836078286584012,
                        "x": [
                            0.24632045429648453,
                            -0.02068953739176753,
                            -0.14657065588952906,
                            -0.38957047249804816,
                            -0.28842601817954533,
                            0.06417577173608988,
                            -0.1189674491216577,
                            0.04949333567078939,
                            -0.064602548222089,
                            -0.13490918281900638
                        ]
                    }
                },
                {
                    "instance": 1,
                    "evals": 150,
                    "best": {
                        "evals": 52,
                        "y": 24.622487295420214,
                        "x": [
                            0.21381529281217462,
                            -0.6650548999890956,
                            -0.3836353688458929,
                            0.3493331794977038,
                            0.5791052162117081,
                            -0.15515246968691646,
                            -0.10188375298351962,
                            -0.2939456548909702,
                            0.14963231925914056,
                            -0.32536862835735003
                        ]
                    }
                },
                {
                    "instance": 1,
                    "evals": 150,
                    "best": {
                        "evals": 52,
                        "y": 23.55095675246589,
                        "x": [
                            -0.09902785126743834,
                            -0.23659840984172162,
                            -0.1730638081127795,
                            0.2723259275370034,
                            0.26829751119599926,
                            0.3384086738544018,
                            -0.1460435362776647,
                            -0.5882400801350836,
                            -0.09761573756922731,
                            -0.2299298111920872
                        ]
                    }
                },
                {
                    "instance": 1,
                    "evals": 150,
                    "best": {
                        "evals": 52,
                        "y": 24.801698838136716,
                        "x": [
                            -0.015605384253632629,
                            0.01336436888777118,
                            -0.03059110881656882,
                            0.0025317319826813657,
                            0.048435210868260074,
                            0.05343101647810103,
                            -0.052149133537870235,
                            -0.023419723045666613,
                            -0.027026965926022443,
                            -0.057531558087975145
                        ]
                    }
                },
                {
                    "instance": 2,
                    "evals": 150,
                    "best": {
                        "evals": 9,
                        "y": 43.581816704045266,
                        "x": [
                            -2.9539409983679166,
                            -0.26623003935225587,
                            -0.11947563216359836,
                            2.4600750750346023,
                            -0.05268055126147342,
                            -0.0038148831076121326,
                            2.2150395964275393,
                            0.4627376960880758,
                            1.6429456397378654,
                            -2.362706554189922
                        ]
                    }
                },
                {
                    "instance": 2,
                    "evals": 150,
                    "best": {
                        "evals": 22,
                        "y": 68.97255040509233,
                        "x": [
                            -3.2431145585535175,
                            1.7520658295484237,
                            -1.9656537652951451,
                            1.7695467741921744,
                            -2.3978162469556032,
                            -4.558019111476894,
                            0.27519922891171866,
                            -0.14900718484625575,
                            0.3001845361565838,
                            0.015099226270322674
                        ]
                    }
                },
                {
                    "instance": 2,
                    "evals": 150,
                    "best": {
                        "evals": 38,
                        "y": 40.8988972986259,
                        "x": [
                            -3.4127221513214634,
                            -1.266664470730098,
                            1.2202255370749775,
                            3.378427929341189,
                            -0.051448321029550215,
                            -2.078083398628599,
                            0.928759911347921,
                            -2.172680316817304,
                            0.6023961009858292,
                            -3.7612443365513033
                        ]
                    }
                },
                {
                    "instance": 2,
                    "evals": 150,
                    "best": {
                        "evals": 43,
                        "y": 51.99769616184434,
                        "x": [
                            -1.673645170944678,
                            0.7843624794568012,
                            -3.875804256059059,
                            3.862283062828592,
                            0.3477455659083901,
                            -2.428401433762397,
                            -1.6695779603424659,
                            -0.4050648282315681,
                            1.42703580725028,
                            -4.968132142438607
                        ]
                    }
                },
                {
                    "instance": 2,
                    "evals": 150,
                    "best": {
                        "evals": 50,
                        "y": 67.08532745232142,
                        "x": [
                            -0.995305475926,
                            1.4820279173365307,
                            -3.368934821601285,
                            0.17951239891783732,
                            -0.38800635494491775,
                            -2.1635130775913662,
                            0.22976152339466172,
                            -3.270116476236667,
                            1.505906032917542,
                            -3.296346072429558
                        ]
                    }
                },
                {
                    "instance": 0,
                    "evals": 150,
                    "best": {
                        "evals": 20,
                        "y": 29.2152835841634,
                        "x": [
                            0.19786665736565467,
                            -3.897123350697796,
                            3.2605244570163787,
                            -1.8817514188498774,
                            4.390316061887974,
                            1.2658191760629522,
                            0.3753210556741209,
                            -0.2190140966036367,
                            0.8693520143840141,
                            -0.6981422018640151
                        ]
                    }
                },
                {
                    "instance": 0,
                    "evals": 150,
                    "best": {
                        "evals": 3,
                        "y": 43.57862811597624,
                        "x": [
                            -2.8724388568048638,
                            0.1376177846097395,
                            -2.1442833905401697,
                            -0.3009593982297929,
                            1.304149072277239,
                            -0.12419394767080405,
                            0.1318877122232207,
                            -4.708133300877768,
                            2.8919421936896743,
                            1.1310182621694773
                        ]
                    }
                },
                {
                    "instance": 0,
                    "evals": 150,
                    "best": {
                        "evals": 52,
                        "y": 45.54922011906071,
                        "x": [
                            -0.1764522519238061,
                            0.31059192368125244,
                            0.5152255740696328,
                            -0.3200928122592652,
                            -0.07019013778535005,
                            -0.5377619734765894,
                            0.22369038494229,
                            -0.17600504316527857,
                            -0.4559153669760838,
                            0.6543402075834227
                        ]
                    }
                },
                {
                    "instance": 0,
                    "evals": 150,
                    "best": {
                        "evals": 29,
                        "y": 43.23026852327472,
                        "x": [
                            -3.2911021507543836,
                            -2.939813360380029,
                            3.3414492507915714,
                            2.960729812612092,
                            3.373952302031075,
                            -2.65216314412544,
                            -2.5024010899756126,
                            -4.9613395620429195,
                            -0.6785670145923621,
                            -0.04531117459672451
                        ]
                    }
                },
                {
                    "instance": 0,
                    "evals": 150,
                    "best": {
                        "evals": 3,
                        "y": 45.85728007013764,
                        "x": [
                            -0.8304087631747272,
                            -0.6956353069762038,
                            -0.9716902248937078,
                            -1.961584781180676,
                            2.1084501901315997,
                            2.8007613288802036,
                            1.6360950829347995,
                            -2.081062246653003,
                            0.36451626284688654,
                            -0.9669535568663781
                        ]
                    }
                }
            ]
        }
    ]
}