{
    "version": "0.3.18",
    "suite": "unknown_suite",
    "function_id": 8,
    "function_name": "Rosenbrock",
    "maximization": false,
    "algorithm": {
        "name": "<utils.PBO.PBO object at 0x700f3ecdcd60>",
        "info": "algorithm_info"
    },
    "attributes": [
        "evaluations",
        "raw_y"
    ],
    "scenarios": [
        {
            "dimension": 2,
            "path": "data_f8_Rosenbrock/IOHprofiler_f8_DIM2.dat",
            "runs": [
                {
                    "instance": 1,
                    "evals": 70,
                    "best": {
                        "evals": 51,
                        "y": 4.4750359965076845,
                        "x": [
                            0.06301527830422657,
                            -0.3316068340160281
                        ]
                    }
                },
                {
                    "instance": 1,
                    "evals": 70,
                    "best": {
                        "evals": 49,
                        "y": 3.331431429034698,
                        "x": [
                            -1.3831340004122792,
                            -1.1380385774487962
                        ]
                    }
                },
                {
                    "instance": 1,
                    "evals": 70,
                    "best": {
                        "evals": 54,
                        "y": 4.595242545846877,
                        "x": [
                            -0.13118432900293073,
                            -0.3027645814226609
                        ]
                    }
                },
                {
                    "instance": 1,
                    "evals": 70,
                    "best": {
                        "evals": 49,
                        "y": 3.0412302545188736,
                        "x": [
                            0.4616485878992469,
                            1.096585869107992
                        ]
                    }
                },
                {
                    "instance": 1,
                    "evals": 70,
                    "best": {
                        "evals": 29,
                        "y": 0.24470415779904303,
                        "x": [
                            -0.2733357218243402,
                            -0.8038865573120129
                        ]
                    }
                },
                {
                    "instance": 2,
                    "evals": 70,
                    "best": {
                        "evals": 1,
                        "y": 27.243828138223915,
                        "x": [
                            -2.2051390578618446,
                            2.3582695228824324
                        ]
                    }
                },
                {
                    "instance": 2,
                    "evals": 70,
                    "best": {
                        "evals": 37,
                        "y": 14.426851889905588,
                        "x": [
                            -3.5021446689960984,
                            0.6705094505705329
                        ]
                    }
                },
                {
                    "instance": 2,
                    "evals": 70,
                    "best": {
                        "evals": 48,
                        "y": 11.700594218059592,
                        "x": [
                            -2.9528584369827118,
                            1.320137681905429
                        ]
                    }
                },
                {
                    "instance": 2,
                    "evals": 70,
                    "best": {
                        "evals": 33,
                        "y": 0.6793374535657327,
                        "x": [
                            -3.6667129946531447,
                            0.19985562671191914
                        ]
                    }
                },
                {
                    "instance": 2,
                    "evals": 70,
                    "best": {
                        "evals": 3,
                        "y": 1.0353765674021034,
                        "x": [
                            -3.84345319228581,
                            0.1977997960877218
                        ]
                    }
                },
                {
                    "instance": 0,
                    "evals": 70,
                    "best": {
                        "evals": 48,
                        "y": 0.25862460697575956,
                        "x": [
                            -3.064792621390678,
                            -3.3961195894018252
                        ]
                    }
                },
                {
                    "instance": 0,
                    "evals": 70,
                    "best": {
                        "evals": 11,
                        "y": 49.07524587312287,
                        "x": [
                            -0.760866454594268,
                            4.99869904913578
                        ]
                    }
                },
                {
                    "instance": 0,
                    "evals": 70,
                    "best": {
                        "evals": 42,
                        "y": 26.54897265630091,
                        "x": [
                            -4.877770580129576,
                            -1.577812405512589
                        ]
                    }
                },
                {
                    "instance": 0,
                    "evals": 70,
                    "best": {
                        "evals": 9,
                        "y": 0.6171351878682754,
                        "x": [
                            -3.1085719976376045,
                            -3.5182825470355543
                        ]
                    }
                },
                {
                    "instance": 0,
                    "evals": 70,
                    "best": {
                        "evals": 44,
                        "y": 1.148267210265694,
                        "x": [
                            -3.2552107629544427,
                            -3.4952053976208384
                        ]
                    }
                }
            ]
        },
        {
            "dimension": 10,
            "path": "data_f8_Rosenbrock/IOHprofiler_f8_DIM10.dat",
            "runs": [
                {
                    "instance": 1,
                    "evals": 150,
                    "best": {
                        "evals": 51,
                        "y": 17376.29870570111,
                        "x": [
                            0,
                            0,
                            0,
                            0,
                            0,
                            0,
                            0,
                            0,
                            0,
                            0
                        ]
                    }
                },
                {
                    "instance": 1,
                    "evals": 150,
                    "best": {
                        "evals": 5,
                        "y": 13273.975303402765,
                        "x": [
                            -3.597760528674967,
                            0.6357612380146858,
                            1.054558194326276,
                            1.387751828286219,
                            -1.4189636912744863,
                            -4.216532601187865,
                            -0.7146111437615108,
                            -4.3342631985997455,
                            0.5975075493137165,
                            0.1978097258849063
                        ]
                    }
                },
                {
                    "instance": 1,
                    "evals": 150,
                    "best": {
                        "evals": 51,
                        "y": 17376.29870570111,
                        "x": [
                            0,
                            0,
                            0,
                            0,
                            0,
                            0,
                            0,
                            0,
                            0,
                            0
                        ]
                    }
                },
                {
                    "instance": 1,
                    "evals": 150,
                    "best": {
                        "evals": 51,
                        "y": 17376.29870570111,
                        "x": [
                            0,
                            0,
                            0,
                            0,
                            0,
                            0,
                            0,
                            0,
                            0,
                            0
                        ]
                    }
                },
                {
                    "instance": 1,
                    "evals": 150,
                    "best": {
                        "evals": 9,
                        "y": 4559.4394767233025,
                        "x": [
                            0.2320279103908991,
                            0.4292089868354463,
                            -2.9736536303696175,
                            2.5945026722189732,
                            -3.568117384415994,
                            -1.303477904749697,
                            -2.9984057563925988,
                            -1.0110968972085184,
                            0.4584823926801995,
                            1.4885988085852455
                        ]
                    }
                },
                {
                    "instance": 2,
                    "evals": 150,
                    "best": {
                        "evals": 27,
                        "y": 21533.598798380335,
                        "x": [
                            -3.08499449518519,
                            -3.4406209244552977,
                            3.2139509446949877,
                            -2.6732693928683076,
                            -2.1591668743969987,
                            0.16724844981879894,
                            -0.5816587740267192,
                            -0.7130962736686932,
                            -1.4712681070327251,
                            4.580459255929181
                        ]
                    }
                },
                {
                    "instance": 2,
                    "evals": 150,
                    "best": {
                        "evals": 13,
                        "y": 17171.558423985,
                        "x": [
                            -2.4425523092843116,
                            2.303347321476572,
                            0.3129853409398242,
                            -2.506442629599112,
                            -0.05928489846302032,
                            -0.22688504934336517,
                            0.05438769611405192,
                            -0.3393267367374371,
                            0.2159943076735562,
                            1.2762121246592306
                        ]
                    }
                },
                {
                    "instance": 2,
                    "evals": 150,
                    "best": {
                        "evals": 51,
                        "y": 39078.70575550552,
                        "x": [
                            0,
                            0,
                            0,
                            0,
                            0,
                            0,
                            0,
                            0,
                            0,
                            0
                        ]
                    }
                },
                {
                    "instance": 2,
                    "evals": 150,
                    "best": {
                        "evals": 30,
                        "y": 39016.64457299178,
                        "x": [
                            -4.263688811334166,
                            -0.8662693824655134,
                            4.599936216005791,
                            -2.484795791015808,
                            -1.4186441415861424,
                            -2.3068248020562305,
                            -1.754989653866562,
                            -1.5836896648809624,
                            2.0508652220672507,
                            -3.703295209337475
                        ]
                    }
                },
                {
                    "instance": 2,
                    "evals": 150,
                    "best": {
                        "evals": 16,
                        "y": 15101.40333272492,
                        "x": [
                            -4.802348397124224,
                            0.8736640626482597,
                            1.313083934205224,
                            0.11811249893503906,
                            -1.8793448398086783,
                            -0.4645019515973159,
                            -1.6472632930164894,
                            -1.1491493475064,
                            3.0062917788233925,
                            -0.42438792509753487
                        ]
                    }
                },
                {
                    "instance": 0,
                    "evals": 150,
                    "best": {
                        "evals": 21,
                        "y": 26789.31114933451,
                        "x": [
                            -2.7767119260593276,
                            0.22863687450475734,
                            2.986329822058954,
                            4.703818457578674,
                            -0.5571690014976438,
                            -0.8797723018622081,
                            -1.4674651503179934,
                            -0.9028960368452168,
                            1.0291380863660606,
                            -1.4473822865861607
                        ]
                    }
                },
                {
                    "instance": 0,
                    "evals": 150,
                    "best": {
                        "evals": 28,
                        "y": 21972.902628732372,
                        "x": [
                            -0.8475158295146263,
                            -4.3304840108991725,
                            2.147406770961812,
                            4.503742598424086,
                            0.058270594617297,
                            2.594764683616927,
                            -3.4911144973099075,
                            0.43707639749091953,
                            -0.16245372156756233,
                            4.3682224608652245
                        ]
                    }
                },
                {
                    "instance": 0,
                    "evals": 150,
                    "best": {
                        "evals": 2,
                        "y": 17547.389898401565,
                        "x": [
                            -3.061101769499382,
                            -1.2240741166316047,
                            2.6037578608539915,
                            2.3338051865510394,
                            -2.185928254057716,
                            -0.2028565953562902,
                            -3.2184044820057007,
                            -2.4527459231649957,
                            2.6137706949015724,
                            -4.390505680084329
                        ]
                    }
                },
                {
                    "instance": 0,
                    "evals": 150,
                    "best": {
                        "evals": 19,
                        "y": 13803.001254084329,
                        "x": [
                            -0.6442023244419923,
                            -3.570410549720102,
                            0.8170349218420059,
                            0.6019359783821105,
                            -2.564953248002725,
                            2.4344176238491366,
                            1.152261854233533,
                            -0.4613545508352228,
                            1.1406535072863546,
                            -0.41127687043015726
                        ]
                    }
                },
                {
                    "instance": 0,
                    "evals": 150,
                    "best": {
                        "evals": 39,
                        "y": 13128.562733099445,
                        "x": [
                            -1.6066802006465721,
                            -4.710181216214667,
                            0.29592742610395106,
                            1.800840258101064,
                            -2.350853927789181,
                            0.22050150878458652,
                            -3.9446906095645087,
                            -1.6015921664716624,
                            3.216862250275639,
                            2.8406668392978975
                        ]
                    }
                }
            ]
        },
        {
            "dimension": 40,
            "path": "data_f8_Rosenbrock/IOHprofiler_f8_DIM40.dat",
            "runs": [
                {
                    "instance": 1,
                    "evals": 450,
                    "best": {
                        "evals": 51,
                        "y": 115838.7621079216,
                        "x": [
                            0,
                            0,
                            0,
                            0,
                            0,
                            0,
                            0,
                            0,
                            0,
                            0,
                            0,
                            0,
                            0,
                            0,
                            0,
                            0,
                            0,
                            0,
                            0,
                            0,
                            0,
                            0,
                            0,
                            0,
                            0,
                            0,
                            0,
                            0,
                            0,
                            0,
                            0,
                            0,
                            0,
                            0,
                            0,
                            0,
                            0,
                            0,
                            0,
                            0
                        ]
                    }
                },
                {
                    "instance": 1,
                    "evals": 450,
                    "best": {
                        "evals": 51,
                        "y": 115838.7621079216,
                        "x": [
                            0,
                            0,
                            0,
                            0,
                            0,
                            0,
                            0,
                            0,
                            0,
                            0,
                            0,
                            0,
                            0,
                            0,
                            0,
                            0,
                            0,
                            0,
                            0,
                            0,
                            0,
                            0,
                            0,
                            0,
                            0,
                            0,
                            0,
                            0,
                            0,
                            0,
                            0,
                            0,
                            0,
                            0,
                            0,
                            0,
                            0,
                            0,
                            0,
                            0
                        ]
                    }
                },
                {
                    "instance": 1,
                    "evals": 450,
                    "best": {
                        "evals": 51,
                        "y": 115838.7621079216,
                        "x": [
                            0,
                            0,
                            0,
                            0,
                            0,
                            0,
                            0,
                            0,
                            0,
                            0,
                            0,
                            0,
                            0,
                            0,
                            0,
                            0,
                            0,
                            0,
                            0,
                            0,
                            0,
                            0,
                            0,
                            0,
                            0,
                            0,
                            0,
                            0,
                            0,
                            0,
                            0,
                            0,
                            0,
                            0,
                            0,
                            0,
                            0,
                            0,
                            0,
                            0
                        ]
                    }
                },
                {
                    "instance": 1,
                    "evals": 450,
                    "best": {
                        "evals": 51,
                        "y": 115838.7621079216,
                        "x": [
                            0,
                            0,
                            0,
                            0,
                            0,
                            0,
                            0,
                            0,
                            0,
                            0,
                            0,
                            0,
                            0,
                            0,
                            0,
                            0,
                            0,
                            0,
                            0,
                            0,
                            0,
                            0,
                            0,
                            0,
                            0,
                            0,
                            0,
                            0,
                            0,
                            0,
                            0,
                            0,
                            0,
                            0,
                            0,
                            0,
                            0,
                            0,
                            0,
                            0
                        ]
                    }
                },
                {
                    "instance": 1,
                    "evals": 450,
                    "best": {
                        "evals": 51,
                        "y": 115838.7621079216,
                        "x": [
                            0,
                            0,
                            0,
                            0,
                            0,
                            0,
                            0,
                            0,
                            0,
                            0,
                            0,
                            0,
                            0,
                            0,
                            0,
                            0,
                            0,
                            0,
                            0,
                            0,
                            0,
                            0,
                            0,
                            0,
                            0,
                            0,
                            0,
                            0,
                            0,
                            0,
                            0,
                            0,
                            0,
                            0,
                            0,
                            0,
                            0,
                            0,
                            0,
                            0
                        ]
                    }
                },
                {
                    "instance": 0,
                    "evals": 450,
                    "best": {
                        "evals": 51,
                        "y": 174388.20643411286,
                        "x": [
                            0,
                            0,
                            0,
                            0,
                            0,
                            0,
                            0,
                            0,
                            0,
                            0,
                            0,
                            0,
                            0,
                            0,
                            0,
                            0,
                            0,
                            0,
                            0,
                            0,
                            0,
                            0,
                            0,
                            0,
                            0,
                            0,
                            0,
                            0,
                            0,
                            0,
                            0,
                            0,
                            0,
                            0,
                            0,
                            0,
                            0,
                            0,
                            0,
                            0
                        ]
                    }
                },
                {
                    "instance": 0,
                    "evals": 450,
                    "best": {
                        "evals": 51,
                        "y": 174388.20643411286,
                        "x": [
                            0,
                            0,
                            0,
                            0,
                            0,
                            0,
                            0,
                            0,
                            0,
                            0,
                            0,
                            0,
                            0,
                            0,
                            0,
                            0,
                            0,
                            0,
                            0,
                            0,
                            0,
                            0,
                            0,
                            0,
                            0,
                            0,
                            0,
                            0,
                            0,
                            0,
                            0,
                            0,
                            0,
                            0,
                            0,
                            0,
                            0,
                            0,
                            0,
                            0
                        ]
                    }
                },
                {
                    "instance": 0,
                    "evals": 450,
                    "best": {
                        "evals": 51,
                        "y": 174388.20643411286,
                        "x": [
                            0,
                            0,
                            0,
                            0,
                            0,
                            0,
                            0,
                            0,
                            0,
                            0,
                            0,
                            0,
                            0,
                            0,
                            0,
                            0,
                            0,
                            0,
                            0,
                            0,
                            0,
                            0,
                            0,
                            0,
                            0,
                            0,
                            0,
                            0,
                            0,
                            0,
                            0,
                            0,
                            0,
                            0,
                            0,
                            0,
                            0,
                            0,
                            0,
                            0
                        ]
                    }
                },
                {
                    "instance": 0,
                    "evals": 450,
                    "best": {
                        "evals": 129,
                        "y": 140586.85725324033,
                        "x": [
                            -0.2888552360236645,
                            -1.0328117422759533,
                            0.11701167793944478,
                            -0.3035112675279379,
                            1.4946634182706475,
                            0.2955562137067318,
                            -0.0774216540157795,
                            -0.5192607035860419,
                            -0.23565522022545338,
                            0.36138852685689926,
                            0.10594842955470085,
                            -0.9171435255557299,
                            0.33292240370064974,
                            -0.3986085643991828,
                            -0.3062966698780656,
                            0.24811917915940285,
                            -0.18082882836461067,
                            -1.002903413027525,
                            0.3940082173794508,
                            0.7258749380707741,
                            0.1467898264527321,
                            0.34998684376478195,
                            -0.16998047940433025,
                            -0.9991315454244614,
                            -0.9087322009727359,
                            -0.6898867785930634,
                            -0.3478594124317169,
                            0.5496381088159978,
                            -0.5784230241551995,
                            0.6261345446109772,
                            0.9681395983789116,
                            0.05507515370845795,
                            -0.7945801597088575,
                            -0.5990661792457104,
                            -0.9884765725582838,
                            -0.864341177046299,
                            -0.5378893185406923,
                            0.08440439403057098,
                            0.527867441996932,
                            -0.33210492692887783
                        ]
                    }
                },
                {
                    "instance": 0,
                    "evals": 450,
                    "best": {
                        "evals": 51,
                        "y": 174388.20643411286,
                        "x": [
                            0,
                            0,
                            0,
                            0,
                            0,
                            0,
                            0,
                            0,
                            0,
                            0,
                            0,
                            0,
                            0,
                            0,
                            0,
                            0,
                            0,
                            0,
                            0,
                            0,
                            0,
                            0,
                            0,
                            0,
                            0,
                            0,
                            0,
                            0,
                            0,
                            0,
                            0,
                            0,
                            0,
                            0,
                            0,
                            0,
                            0,
                            0,
                            0,
                            0
                        ]
                    }
                },
                {
                    "instance": 2,
                    "evals": 450,
                    "best": {
                        "evals": 51,
                        "y": 108460.36235480303,
                        "x": [
                            0,
                            0,
                            0,
                            0,
                            0,
                            0,
                            0,
                            0,
                            0,
                            0,
                            0,
                            0,
                            0,
                            0,
                            0,
                            0,
                            0,
                            0,
                            0,
                            0,
                            0,
                            0,
                            0,
                            0,
                            0,
                            0,
                            0,
                            0,
                            0,
                            0,
                            0,
                            0,
                            0,
                            0,
                            0,
                            0,
                            0,
                            0,
                            0,
                            0
                        ]
                    }
                },
                {
                    "instance": 2,
                    "evals": 450,
                    "best": {
                        "evals": 114,
                        "y": 100650.78170644393,
                        "x": [
                            -0.8181262165307999,
                            0.5819637905806303,
                            0.7151559479534626,
                            0.2642526123672724,
                            -0.2813507467508316,
                            0.7357586286962032,
                            0.3779491800814867,
                            0.023576351813971996,
                            -0.3573869355022907,
                            -0.07691386668011546,
                            0.8032182231545448,
                            1.3988377428613603,
                            0.5204126909375191,
                            -0.6454559676349163,
                            -0.9098832793533802,
                            0.47788548097014427,
                            0.5072006359696388,
                            -0.07850250601768494,
                            -0.9876976748928428,
                            -0.2521119052544236,
                            -0.25348001485690475,
                            -0.4586453177034855,
                            -1.2800055844709277,
                            -0.4545044214464724,
                            0.9505561701953411,
                            0.6048347353935242,
                            -0.023820489645004272,
                            -0.24910958483815193,
                            0.031357962638139725,
                            0.828659176826477,
                            0.011940015479922295,
                            -0.7583471424877644,
                            1.1272699600085616,
                            -0.6485121510922909,
                            0.4516625818796456,
                            0.1502181887626648,
                            0.08408255502581596,
                            -0.46684670308604836,
                            0.08607093617320061,
                            -0.015745114535093307
                        ]
                    }
                },
                {
                    "instance": 2,
                    "evals": 450,
                    "best": {
                        "evals": 51,
                        "y": 108460.36235480303,
                        "x": [
                            0,
                            0,
                            0,
                            0,
                            0,
                            0,
                            0,
                            0,
                            0,
                            0,
                            0,
                            0,
                            0,
                            0,
                            0,
                            0,
                            0,
                            0,
                            0,
                            0,
                            0,
                            0,
                            0,
                            0,
                            0,
                            0,
                            0,
                            0,
                            0,
                            0,
                            0,
                            0,
                            0,
                            0,
                            0,
                            0,
                            0,
                            0,
                            0,
                            0
                        ]
                    }
                },
                {
                    "instance": 2,
                    "evals": 450,
                    "best": {
                        "evals": 51,
                        "y": 108460.36235480303,
                        "x": [
                            0,
                            0,
                            0,
                            0,
                            0,
                            0,
                            0,
                            0,
                            0,
                            0,
                            0,
                            0,
                            0,
                            0,
                            0,
                            0,
                            0,
                            0,
                            0,
                            0,
                            0,
                            0,
                            0,
                            0,
                            0,
                            0,
                            0,
                            0,
                            0,
                            0,
                            0,
                            0,
                            0,
                            0,
                            0,
                            0,
                            0,
                            0,
                            0,
                            0
                        ]
                    }
                },
                {
                    "instance": 2,
                    "evals": 450,
                    "best": {
                        "evals": 51,
                        "y": 108460.36235480303,
                        "x": [
                            0,
                            0,
                            0,
                            0,
                            0,
                            0,
                            0,
                            0,
                            0,
                            0,
                            0,
                            0,
                            0,
                            0,
                            0,
                            0,
                            0,
                            0,
                            0,
                            0,
                            0,
                            0,
                            0,
                            0,
                            0,
                            0,
                            0,
                            0,
                            0,
                            0,
                            0,
                            0,
                            0,
                            0,
                            0,
                            0,
                            0,
                            0,
                            0,
                            0
                        ]
                    }
                }
            ]
        }
    ]
}