{
    "version": "0.3.18",
    "suite": "unknown_suite",
    "function_id": 12,
    "function_name": "BentCigar",
    "maximization": false,
    "algorithm": {
        "name": "<utils.PBO.PBO object at 0x700f3ecdcd60>",
        "info": "algorithm_info"
    },
    "attributes": [
        "evaluations",
        "raw_y"
    ],
    "scenarios": [
        {
            "dimension": 10,
            "path": "data_f12_BentCigar/IOHprofiler_f12_DIM10.dat",
            "runs": [
                {
                    "instance": 0,
                    "evals": 150,
                    "best": {
                        "evals": 13,
                        "y": 52536291.57285109,
                        "x": [
                            -3.807125723675962,
                            -4.040616324980837,
                            4.326424201883913,
                            4.424871872748447,
                            -2.6609757734874497,
                            0.04625032129043394,
                            4.235019012036638,
                            -2.455321060154898,
                            -1.0696328141523734,
                            -2.5409647840945295
                        ]
                    }
                },
                {
                    "instance": 0,
                    "evals": 150,
                    "best": {
                        "evals": 42,
                        "y": 46574905.556237504,
                        "x": [
                            0.40229501683291424,
                            -3.7685614226589625,
                            -1.8357811700111002,
                            2.306774440383336,
                            -2.41772567219193,
                            0.4965257274894386,
                            1.00257755720345,
                            -1.8366952343129523,
                            -0.7527988349132713,
                            -3.7168036877257373
                        ]
                    }
                },
                {
                    "instance": 0,
                    "evals": 150,
                    "best": {
                        "evals": 32,
                        "y": 23269001.58332554,
                        "x": [
                            -3.1111633366917357,
                            -1.2598713012732183,
                            2.311972788330791,
                            -1.8094806092909508,
                            -2.547341855853982,
                            -0.18352562761757252,
                            1.4306643269492545,
                            -1.8206038861921936,
                            -3.1938962720453077,
                            -1.65023712910848
                        ]
                    }
                },
                {
                    "instance": 0,
                    "evals": 150,
                    "best": {
                        "evals": 2,
                        "y": 23792209.706414632,
                        "x": [
                            2.8638526044173176,
                            -2.698067240548912,
                            3.6661995904566176,
                            1.5288928683396295,
                            -1.3349526655621946,
                            2.9053224938766853,
                            4.460707620806982,
                            -4.906434283173941,
                            -0.11254057692806008,
                            -2.4446964635935946
                        ]
                    }
                },
                {
                    "instance": 0,
                    "evals": 150,
                    "best": {
                        "evals": 8,
                        "y": 56814832.973365024,
                        "x": [
                            -2.8243065963675056,
                            -2.6074657079492485,
                            3.0107698695033935,
                            -2.1186164985314453,
                            0.5884823178349032,
                            -4.975562082492483,
                            2.0729066250982857,
                            -3.4667059775995357,
                            -1.0107137294484234,
                            -2.8710837884215556
                        ]
                    }
                },
                {
                    "instance": 1,
                    "evals": 150,
                    "best": {
                        "evals": 61,
                        "y": 42942997.91741426,
                        "x": [
                            0.6021506173766544,
                            -0.0932886551887054,
                            0.2180335738617287,
                            -0.05452372144181604,
                            -0.05738885343326049,
                            -0.39787893528759893,
                            0.2713778307544739,
                            -0.016772274415802254,
                            0.45613572710711325,
                            0.20870741586781882
                        ]
                    }
                },
                {
                    "instance": 1,
                    "evals": 150,
                    "best": {
                        "evals": 62,
                        "y": 36632048.442260966,
                        "x": [
                            -0.06617031246423721,
                            0.8102937564253807,
                            0.03137008845806122,
                            0.16588470339775085,
                            -0.8552446216344833,
                            0.2532440647482872,
                            -0.4271268993616104,
                            -0.9198572319000959,
                            0.6439902037382126,
                            -0.2677130252122879
                        ]
                    }
                },
                {
                    "instance": 1,
                    "evals": 150,
                    "best": {
                        "evals": 51,
                        "y": 45230861.859525606,
                        "x": [
                            0,
                            0,
                            0,
                            0,
                            0,
                            0,
                            0,
                            0,
                            0,
                            0
                        ]
                    }
                },
                {
                    "instance": 1,
                    "evals": 150,
                    "best": {
                        "evals": 62,
                        "y": 40402561.434288464,
                        "x": [
                            0.39870628466276625,
                            0.42747936715988394,
                            0.362697835623399,
                            -0.22672892056916846,
                            0.14039138608749663,
                            0.2095394321343929,
                            0.21843641895008145,
                            -0.27376058974973133,
                            -0.3440663950194356,
                            -0.19370506951114488
                        ]
                    }
                },
                {
                    "instance": 1,
                    "evals": 150,
                    "best": {
                        "evals": 14,
                        "y": 38313597.814951405,
                        "x": [
                            -3.422629389183201,
                            1.4498301885029319,
                            1.731992219763753,
                            -1.4400108643654832,
                            1.9037663954969473,
                            -2.32765896880762,
                            1.1194054423729858,
                            -1.2997085016798273,
                            2.4960728166769206,
                            -1.6311934736466496
                        ]
                    }
                },
                {
                    "instance": 2,
                    "evals": 150,
                    "best": {
                        "evals": 23,
                        "y": 56519414.65960526,
                        "x": [
                            2.725839404212625,
                            3.0202446609752513,
                            -1.5395589189071552,
                            -2.2295547591243885,
                            -0.8750183219844203,
                            1.503725220949872,
                            1.9640903770720373,
                            3.7168523957961916,
                            -2.444993773751877,
                            -0.7868799286991486
                        ]
                    }
                },
                {
                    "instance": 2,
                    "evals": 150,
                    "best": {
                        "evals": 13,
                        "y": 34675708.832602136,
                        "x": [
                            2.6198096622236964,
                            2.2903147287551837,
                            3.4248468418306928,
                            -0.19862332118587211,
                            -4.712429872521851,
                            -0.5551365461210436,
                            -0.8693281647684277,
                            4.503561866224516,
                            2.667789561221902,
                            3.2793404830526214
                        ]
                    }
                },
                {
                    "instance": 2,
                    "evals": 150,
                    "best": {
                        "evals": 5,
                        "y": 41760031.96003304,
                        "x": [
                            2.3909272940329256,
                            4.038673268577373,
                            -0.7171543896430821,
                            1.1687255360941577,
                            1.9215245846259057,
                            2.1018766891317533,
                            -1.660773269188951,
                            2.654211402841879,
                            4.092415923097763,
                            3.4885930266860115
                        ]
                    }
                },
                {
                    "instance": 2,
                    "evals": 150,
                    "best": {
                        "evals": 41,
                        "y": 44649468.04608572,
                        "x": [
                            3.723395957513228,
                            0.8791115032284749,
                            2.7580973538525786,
                            2.7959340948730214,
                            -2.955202438389573,
                            1.2750865608051507,
                            -0.8494201315972756,
                            3.5180960614595698,
                            0.22420628885815752,
                            1.495445383079101
                        ]
                    }
                },
                {
                    "instance": 2,
                    "evals": 150,
                    "best": {
                        "evals": 20,
                        "y": 44855612.41615876,
                        "x": [
                            4.090826220157178,
                            2.1490234252284495,
                            0.06010885650666076,
                            0.9234104458056294,
                            0.510504766255913,
                            2.0646861487062527,
                            0.7944368792650272,
                            -0.5972130339300676,
                            3.3335670392636843,
                            2.389376365035405
                        ]
                    }
                }
            ]
        },
        {
            "dimension": 40,
            "path": "data_f12_BentCigar/IOHprofiler_f12_DIM40.dat",
            "runs": [
                {
                    "instance": 2,
                    "evals": 450,
                    "best": {
                        "evals": 51,
                        "y": 478012317.17277086,
                        "x": [
                            0,
                            0,
                            0,
                            0,
                            0,
                            0,
                            0,
                            0,
                            0,
                            0,
                            0,
                            0,
                            0,
                            0,
                            0,
                            0,
                            0,
                            0,
                            0,
                            0,
                            0,
                            0,
                            0,
                            0,
                            0,
                            0,
                            0,
                            0,
                            0,
                            0,
                            0,
                            0,
                            0,
                            0,
                            0,
                            0,
                            0,
                            0,
                            0,
                            0
                        ]
                    }
                },
                {
                    "instance": 2,
                    "evals": 450,
                    "best": {
                        "evals": 51,
                        "y": 478012317.17277086,
                        "x": [
                            0,
                            0,
                            0,
                            0,
                            0,
                            0,
                            0,
                            0,
                            0,
                            0,
                            0,
                            0,
                            0,
                            0,
                            0,
                            0,
                            0,
                            0,
                            0,
                            0,
                            0,
                            0,
                            0,
                            0,
                            0,
                            0,
                            0,
                            0,
                            0,
                            0,
                            0,
                            0,
                            0,
                            0,
                            0,
                            0,
                            0,
                            0,
                            0,
                            0
                        ]
                    }
                },
                {
                    "instance": 2,
                    "evals": 450,
                    "best": {
                        "evals": 51,
                        "y": 478012317.17277086,
                        "x": [
                            0,
                            0,
                            0,
                            0,
                            0,
                            0,
                            0,
                            0,
                            0,
                            0,
                            0,
                            0,
                            0,
                            0,
                            0,
                            0,
                            0,
                            0,
                            0,
                            0,
                            0,
                            0,
                            0,
                            0,
                            0,
                            0,
                            0,
                            0,
                            0,
                            0,
                            0,
                            0,
                            0,
                            0,
                            0,
                            0,
                            0,
                            0,
                            0,
                            0
                        ]
                    }
                },
                {
                    "instance": 2,
                    "evals": 450,
                    "best": {
                        "evals": 61,
                        "y": 307650923.20923024,
                        "x": [
                            0.10723823681473732,
                            0.10926898941397667,
                            0.670912645291537,
                            -0.6050770822912455,
                            0.43236863892525434,
                            -0.6217884067445993,
                            -0.10820058826357126,
                            -0.893907193094492,
                            0.14279550686478615,
                            -0.44123671716079116,
                            0.07897229678928852,
                            -0.25712473690509796,
                            -0.3471924923360348,
                            -0.5340147651731968,
                            -0.34801763109862804,
                            0.1174896031152457,
                            0.9158706031739712,
                            0.22603009641170502,
                            0.26480014622211456,
                            -0.3698893375694752,
                            0.630405455827713,
                            -0.9504842665046453,
                            -1.2287879618816078,
                            -1.2305188030004501,
                            0.6520625613629818,
                            0.46962857991456985,
                            1.1030511688441038,
                            -0.13460283540189266,
                            1.3166111446917057,
                            0.6661672135815024,
                            -0.0020371675491333008,
                            0.12263494357466698,
                            -0.09906701557338238,
                            0.7351475246250629,
                            0.24314475804567337,
                            -0.45942823123186827,
                            0.6045061452314258,
                            0.1208388227969408,
                            -0.22497541084885597,
                            -0.4496451374143362
                        ]
                    }
                },
                {
                    "instance": 2,
                    "evals": 450,
                    "best": {
                        "evals": 69,
                        "y": 371283242.71384126,
                        "x": [
                            1.252199137583375,
                            0.5297442823648453,
                            0.8874679207801819,
                            -0.1952398233115673,
                            -0.3315236419439316,
                            -0.9781097434461117,
                            0.398299690335989,
                            -0.03796550910919905,
                            0.19981923699378967,
                            0.7268527531996369,
                            0.07572828093543649,
                            0.30363311991095543,
                            0.5825025141239166,
                            0.6068527922034264,
                            -0.3388906456530094,
                            -0.19137535616755486,
                            0.3531709872186184,
                            1.3178616166114807,
                            0.35640015825629234,
                            0.6178550482727587,
                            0.7961730435490608,
                            0.26391772646456957,
                            -0.9520286060869694,
                            0.22272353619337082,
                            0.3215585686266422,
                            -0.3837076062336564,
                            -0.6056047938764095,
                            -0.7314208522439003,
                            0.41108766198158264,
                            0.6901906784623861,
                            -0.007721465080976486,
                            -0.9502281774766743,
                            -0.09299936005845666,
                            -0.420793566852808,
                            -0.37054954655468464,
                            -0.8200971055775881,
                            -0.6532439570873976,
                            -0.9548312425613403,
                            -0.5660682814195752,
                            1.4794639106839895
                        ]
                    }
                },
                {
                    "instance": 1,
                    "evals": 450,
                    "best": {
                        "evals": 128,
                        "y": 205274797.94478613,
                        "x": [
                            0.2978641539812088,
                            1.5480432454496622,
                            -0.1453220136463642,
                            -1.2462917286902666,
                            -0.43809774378314614,
                            -0.4974899757653475,
                            -0.5934216100722551,
                            0.27288712561130524,
                            -0.16628982592374086,
                            0.5606635538861156,
                            -0.2628556229174137,
                            1.6315129036083817,
                            0.26416659355163574,
                            -0.46361086517572403,
                            0.2022261517122388,
                            -0.39532633498311043,
                            0.39509666059166193,
                            -0.44654881581664085,
                            -0.4113460062071681,
                            -0.17067218385636806,
                            1.3463780954480171,
                            0.4997037649154663,
                            1.1319665536284447,
                            0.3380022421479225,
                            0.1690942384302616,
                            -0.34035487100481987,
                            -0.10765645280480385,
                            -0.04877644032239914,
                            -0.013776607811450958,
                            0.2713171197101474,
                            0.13499523466452956,
                            -0.37253452092409134,
                            0.045537540689110756,
                            0.2615805249661207,
                            0.11199594289064407,
                            -0.46685037948191166,
                            -0.5351599529385567,
                            0.3885646443814039,
                            -0.05948821268975735,
                            -0.6136932484805584
                        ]
                    }
                },
                {
                    "instance": 1,
                    "evals": 450,
                    "best": {
                        "evals": 56,
                        "y": 285036835.732246,
                        "x": [
                            0.2093217335641384,
                            0.6959355846047401,
                            -0.4857092946767807,
                            -0.24790386389940977,
                            0.1878044568002224,
                            -0.4631683677434921,
                            0.4950459413230419,
                            0.8484092187136412,
                            -0.626810947433114,
                            0.8528821151703596,
                            0.43152569979429245,
                            -1.352639652788639,
                            -0.31733156368136406,
                            -0.10660149157047272,
                            -0.22652436420321465,
                            -0.17279326915740967,
                            0.2989525147713721,
                            0.9000003824476153,
                            -0.0029601315036416054,
                            -0.5371759030967951,
                            -0.7321166060864925,
                            -0.21595455333590508,
                            -0.49223186587914824,
                            -0.5115633942186832,
                            -0.7935293316841125,
                            1.6993691641837358,
                            -0.10019700415432453,
                            0.7118506412953138,
                            -0.24349802173674107,
                            0.4608649763977155,
                            -0.38105824030935764,
                            0.32806143164634705,
                            0.7991631720215082,
                            -0.649489801377058,
                            -0.351193193346262,
                            -0.07701354846358299,
                            -1.1233455035835505,
                            0.5047039519995451,
                            0.08782556653022766,
                            0.2879868671298027
                        ]
                    }
                },
                {
                    "instance": 1,
                    "evals": 450,
                    "best": {
                        "evals": 51,
                        "y": 291881279.0462107,
                        "x": [
                            0,
                            0,
                            0,
                            0,
                            0,
                            0,
                            0,
                            0,
                            0,
                            0,
                            0,
                            0,
                            0,
                            0,
                            0,
                            0,
                            0,
                            0,
                            0,
                            0,
                            0,
                            0,
                            0,
                            0,
                            0,
                            0,
                            0,
                            0,
                            0,
                            0,
                            0,
                            0,
                            0,
                            0,
                            0,
                            0,
                            0,
                            0,
                            0,
                            0
                        ]
                    }
                },
                {
                    "instance": 1,
                    "evals": 450,
                    "best": {
                        "evals": 73,
                        "y": 216696064.6492209,
                        "x": [
                            0.3685052115470171,
                            -0.4503379464149475,
                            0.20058395620435476,
                            -1.1072843745350838,
                            0.39372743340209126,
                            0.22498989384621382,
                            0.27787982765585184,
                            -1.4728554487228394,
                            1.0950872129760683,
                            -0.6615373641252518,
                            -0.28275566501542926,
                            -0.40340257063508034,
                            0.7437793370336294,
                            0.3704974865540862,
                            0.828035622369498,
                            0.7174527551978827,
                            0.14062667358666658,
                            0.4448617659509182,
                            0.26601150492206216,
                            -0.06267375871539116,
                            -0.014156775549054146,
                            0.1335908342152834,
                            -0.309137724339962,
                            0.30115472874604166,
                            0.2785617858171463,
                            0.6515903100371361,
                            -0.5743619482964277,
                            -0.5598169453442097,
                            0.584157039411366,
                            0.25613623671233654,
                            -0.08189224544912577,
                            1.0336502343416214,
                            -0.673076581209898,
                            1.0352366287261248,
                            0.46032855939120054,
                            0.41851350356591865,
                            -1.2841165885329247,
                            0.11390169151127338,
                            0.6637960746884346,
                            -0.184565931558609
                        ]
                    }
                },
                {
                    "instance": 1,
                    "evals": 450,
                    "best": {
                        "evals": 51,
                        "y": 291881279.0462107,
                        "x": [
                            0,
                            0,
                            0,
                            0,
                            0,
                            0,
                            0,
                            0,
                            0,
                            0,
                            0,
                            0,
                            0,
                            0,
                            0,
                            0,
                            0,
                            0,
                            0,
                            0,
                            0,
                            0,
                            0,
                            0,
                            0,
                            0,
                            0,
                            0,
                            0,
                            0,
                            0,
                            0,
                            0,
                            0,
                            0,
                            0,
                            0,
                            0,
                            0,
                            0
                        ]
                    }
                },
                {
                    "instance": 0,
                    "evals": 450,
                    "best": {
                        "evals": 45,
                        "y": 1224066197.0583801,
                        "x": [
                            -0.512459166320312,
                            2.107297719214948,
                            3.6880295167474166,
                            1.946653368527178,
                            2.6634285215911024,
                            -2.2051380978594946,
                            -2.0572049181825545,
                            -1.4129977958450812,
                            -2.076932357637864,
                            1.156855708173464,
                            -1.8860499826612642,
                            -2.910687783975426,
                            -1.0264104158351222,
                            -4.297581073259821,
                            0.2658666498180402,
                            -0.56139332824851,
                            -1.1791346007723313,
                            4.053183003247225,
                            0.10373964453934814,
                            3.9561988996377178,
                            0.504855917442649,
                            1.7187217940522093,
                            -0.24448302609740846,
                            0.6879072740113577,
                            0.29975948977320677,
                            3.4546848397385066,
                            0.06678608611412251,
                            3.2657493265524646,
                            -2.160895016826264,
                            -4.5348529017439585,
                            -4.004164211078608,
                            1.0442076321128546,
                            1.7143422486940763,
                            -4.111169917385631,
                            -0.2794046904313605,
                            -3.800873736916682,
                            -3.427527878453075,
                            1.2773883005439588,
                            -0.4110711777034046,
                            -0.4450084515358057
                        ]
                    }
                },
                {
                    "instance": 0,
                    "evals": 450,
                    "best": {
                        "evals": 50,
                        "y": 1402897546.2766373,
                        "x": [
                            1.3944903356834448,
                            -2.848253988375772,
                            -2.381871851910693,
                            0.5260056487495159,
                            -4.731871215546225,
                            4.1272629927530495,
                            -1.1644095494954048,
                            4.443155532858924,
                            -4.131600833229701,
                            0.19075839860986488,
                            2.46145567475803,
                            -0.0884321606794467,
                            4.737859340943865,
                            2.1519237793320256,
                            3.5856124377798295,
                            4.509928336367288,
                            -1.167729305910684,
                            -0.3379281637497389,
                            4.890426280091669,
                            -4.4231148117214625,
                            -0.7177185137255373,
                            4.8131465656232795,
                            -3.5418656068132597,
                            -0.8112697194906895,
                            -3.4182741711501246,
                            1.6104612915061312,
                            1.7182122654336238,
                            4.158273831886772,
                            -3.3240644186933768,
                            2.0863224777283085,
                            3.262481807001791,
                            -3.394006990393963,
                            2.507154762305036,
                            3.4284671021291366,
                            1.168086368396689,
                            3.139433102854193,
                            2.2002874331283993,
                            -1.2228918367133037,
                            -2.0174377028256476,
                            -1.8790745126157815
                        ]
                    }
                },
                {
                    "instance": 0,
                    "evals": 450,
                    "best": {
                        "evals": 28,
                        "y": 979345717.7349856,
                        "x": [
                            -4.351470805063485,
                            -2.713742151492195,
                            -0.5541770072774757,
                            0.2648598167235692,
                            2.4200920793293683,
                            -4.397009623008676,
                            -0.36266453327543147,
                            -4.436622543199552,
                            -3.7142222968301812,
                            -0.29231794226363306,
                            3.3565959673104206,
                            -1.0042421432976938,
                            -2.5284830255266613,
                            1.4585188616024478,
                            -1.6696481438371267,
                            3.052991088596942,
                            4.6831761177466245,
                            2.3992552807874112,
                            0.42733593589012653,
                            2.120471191491685,
                            -1.0470023321142898,
                            4.32176789712029,
                            2.1828659442002714,
                            -4.478024294388853,
                            0.5414296780808057,
                            1.848730717337971,
                            -1.9995900151717771,
                            1.1773880440361575,
                            -4.672057474249833,
                            -1.5189851546886803,
                            -0.6467050337942268,
                            -2.439063478147232,
                            4.84680364263763,
                            3.7625819953519155,
                            0.3928117705267056,
                            1.948475173515063,
                            -2.9345521236310503,
                            1.7960579374051466,
                            -1.5925684295967866,
                            -0.9257207865809916
                        ]
                    }
                },
                {
                    "instance": 0,
                    "evals": 450,
                    "best": {
                        "evals": 12,
                        "y": 1574500754.6991708,
                        "x": [
                            3.251965573063746,
                            -4.30815462257983,
                            4.1524231416726405,
                            1.146724811559018,
                            3.934970410117426,
                            -2.1676686537955048,
                            -0.18631940571670302,
                            -3.5533978899187293,
                            1.712951574532502,
                            0.7055881858794644,
                            1.2784506593303222,
                            -3.9951236250627096,
                            -4.660756680484056,
                            -1.13201965485221,
                            3.767738015151137,
                            3.876290193355409,
                            3.230579199271471,
                            0.30820888630344534,
                            0.13250024172975383,
                            0.16927615018248243,
                            -1.8273426135656208,
                            -3.3307342181407895,
                            0.7371224195750763,
                            -3.0544283715993186,
                            -4.880156831387031,
                            3.328523357730081,
                            4.16736899151754,
                            3.29490630469739,
                            -4.696273548056849,
                            -3.244144860147096,
                            1.2219127055511283,
                            -0.5945648549415843,
                            -1.469074416427051,
                            3.924962508855957,
                            -3.816971638717458,
                            0.5838252218135596,
                            2.9217747961262672,
                            -1.4718709237964345,
                            2.3632970945420446,
                            0.17453517787626893
                        ]
                    }
                },
                {
                    "instance": 0,
                    "evals": 450,
                    "best": {
                        "evals": 110,
                        "y": 1469556491.9139314,
                        "x": [
                            1.4986814260482788,
                            0.007319886237382889,
                            -0.4374525882303715,
                            0.27114221453666687,
                            0.5765465460717678,
                            -0.38166313897818327,
                            -0.48169348016381264,
                            -0.11175715550780296,
                            -0.8765625609084964,
                            -0.009843106381595135,
                            0.4795173443853855,
                            0.7071195617318153,
                            1.0032176822423935,
                            -0.709678081329912,
                            0.8467737566679716,
                            -0.24928424740210176,
                            0.4105894388630986,
                            -0.19521130993962288,
                            0.21128907706588507,
                            0.03357393853366375,
                            0.08673040941357613,
                            -1.2086986396461725,
                            0.10670875501818955,
                            0.22303243726491928,
                            0.2434213669039309,
                            0.1881217509508133,
                            -0.30995800346136093,
                            0.07216213457286358,
                            -1.1318608149886131,
                            0.1262463554739952,
                            0.9835030026733875,
                            -0.37470516189932823,
                            0.7432445380836725,
                            -1.6571730077266693,
                            -0.6810255907475948,
                            -0.37827076204121113,
                            -0.6953770790714771,
                            0.005016855895519257,
                            0.3481358103454113,
                            -0.2928217714652419
                        ]
                    }
                }
            ]
        },
        {
            "dimension": 2,
            "path": "data_f12_BentCigar/IOHprofiler_f12_DIM2.dat",
            "runs": [
                {
                    "instance": 1,
                    "evals": 70,
                    "best": {
                        "evals": 19,
                        "y": 3522.0965544350533,
                        "x": [
                            -2.6782584827941482,
                            3.895216829964717
                        ]
                    }
                },
                {
                    "instance": 1,
                    "evals": 70,
                    "best": {
                        "evals": 46,
                        "y": 4097.9761203052485,
                        "x": [
                            1.4397782383001232,
                            4.066761844446749
                        ]
                    }
                },
                {
                    "instance": 1,
                    "evals": 70,
                    "best": {
                        "evals": 5,
                        "y": 7207.667450849392,
                        "x": [
                            0.6915465315750318,
                            3.878300084762257
                        ]
                    }
                },
                {
                    "instance": 1,
                    "evals": 70,
                    "best": {
                        "evals": 47,
                        "y": 15919.83593719198,
                        "x": [
                            2.7114512355634766,
                            3.8312918866903836
                        ]
                    }
                },
                {
                    "instance": 1,
                    "evals": 70,
                    "best": {
                        "evals": 4,
                        "y": 424.271265526311,
                        "x": [
                            -3.655195147770558,
                            3.997879823192461
                        ]
                    }
                },
                {
                    "instance": 2,
                    "evals": 70,
                    "best": {
                        "evals": 14,
                        "y": 1691.2322493751512,
                        "x": [
                            0.3892129075229409,
                            4.8471784068331765
                        ]
                    }
                },
                {
                    "instance": 2,
                    "evals": 70,
                    "best": {
                        "evals": 26,
                        "y": 2482.99565980095,
                        "x": [
                            3.1928843272308747,
                            3.7579677568144874
                        ]
                    }
                },
                {
                    "instance": 2,
                    "evals": 70,
                    "best": {
                        "evals": 50,
                        "y": 8266.545955244765,
                        "x": [
                            2.7582284636792256,
                            3.650525464941799
                        ]
                    }
                },
                {
                    "instance": 2,
                    "evals": 70,
                    "best": {
                        "evals": 6,
                        "y": 2850.0149442391453,
                        "x": [
                            4.870857555151888,
                            3.8141735694343293
                        ]
                    }
                },
                {
                    "instance": 2,
                    "evals": 70,
                    "best": {
                        "evals": 18,
                        "y": 64490.31659383631,
                        "x": [
                            1.34547846080285,
                            4.414542625246137
                        ]
                    }
                },
                {
                    "instance": 0,
                    "evals": 70,
                    "best": {
                        "evals": 6,
                        "y": 53367.10444526721,
                        "x": [
                            -1.9949464156183234,
                            -2.6730597255146753
                        ]
                    }
                },
                {
                    "instance": 0,
                    "evals": 70,
                    "best": {
                        "evals": 47,
                        "y": 106182.74199678664,
                        "x": [
                            -1.6653541416149142,
                            -4.991101875096499
                        ]
                    }
                },
                {
                    "instance": 0,
                    "evals": 70,
                    "best": {
                        "evals": 4,
                        "y": 620.8881814214388,
                        "x": [
                            -1.4105028365309558,
                            -4.423052577169127
                        ]
                    }
                },
                {
                    "instance": 0,
                    "evals": 70,
                    "best": {
                        "evals": 43,
                        "y": 32475.523631649718,
                        "x": [
                            -1.064418254260484,
                            2.2394719902918023
                        ]
                    }
                },
                {
                    "instance": 0,
                    "evals": 70,
                    "best": {
                        "evals": 16,
                        "y": 5538.278975899203,
                        "x": [
                            -1.3312116521339226,
                            -4.585324213008479
                        ]
                    }
                }
            ]
        }
    ]
}